,County,Date,fire
0,Alameda,2013-06,1
2,Alameda,2013-07,1
6,Alameda,2013-10,1
8,Alameda,2015-05,1
10,Alameda,2015-06,1
14,Alameda,2015-07,1
16,Alameda,2015-08,1
18,Alameda,2016-06,1
20,Alameda,2017-08,1
22,Alameda,2017-09,1
24,Alameda,2017-10,1
25,Alameda,2018-01,1
29,Alameda,2018-04,1
30,Alameda,2018-05,1
32,Alameda,2018-06,1
33,Alameda,2018-07,1
35,Alameda,2018-08,1
37,Alameda,2018-11,1
38,Alameda,2019-01,1
46,Alameda,2019-06,1
48,Alameda,2019-07,1
52,Alameda,2019-08,1
57,Alameda,2019-09,1
59,Alameda,2019-10,1
64,Alpine,2015-06,1
66,Alpine,2016-08,1
68,Amador,2013-06,1
70,Amador,2014-07,1
71,Amador,2014-08,1
72,Amador,2015-06,1
74,Amador,2015-07,1
76,Amador,2016-06,1
80,Amador,2016-08,1
84,Amador,2016-09,1
86,Amador,2017-08,1
87,Amador,2018-01,1
88,Amador,2018-06,1
89,Amador,2018-07,1
90,Amador,2019-01,1
92,Amador,2019-09,1
94,Butte,2013-05,1
98,Butte,2013-06,1
100,Butte,2013-08,1
105,Butte,2013-09,1
106,Butte,2013-10,1
108,Butte,2014-01,1
110,Butte,2014-07,1
113,Butte,2014-08,1
114,Butte,2015-07,1
117,Butte,2015-08,1
118,Butte,2015-09,1
122,Butte,2015-10,1
126,Butte,2016-05,1
130,Butte,2016-06,1
134,Butte,2016-07,1
136,Butte,2016-08,1
140,Butte,2016-09,1
146,Butte,2017-02,1
147,Butte,2017-06,1
151,Butte,2017-07,1
157,Butte,2017-08,1
158,Butte,2017-09,1
161,Butte,2017-10,1
164,Butte,2018-01,1
178,Butte,2018-02,1
180,Butte,2018-04,1
181,Butte,2018-06,1
185,Butte,2018-07,1
189,Butte,2018-08,1
190,Butte,2018-09,1
191,Butte,2018-10,1
193,Butte,2018-11,1
196,Butte,2019-01,1
208,Butte,2019-04,1
209,Butte,2019-05,1
212,Butte,2019-06,1
216,Butte,2019-07,1
217,Butte,2019-09,1
223,Butte,2019-10,1
226,Calaveras,2013-07,1
228,Calaveras,2013-08,1
230,Calaveras,2014-06,1
234,Calaveras,2015-08,1
236,Calaveras,2016-06,1
240,Calaveras,2016-07,1
248,Calaveras,2016-08,1
250,Calaveras,2017-05,1
251,Calaveras,2017-07,1
254,Calaveras,2017-10,1
255,Calaveras,2018-01,1
260,Calaveras,2018-06,1
261,Calaveras,2018-08,1
263,Calaveras,2019-01,1
266,Calaveras,2019-07,1
268,Calaveras,2019-09,1
270,Colusa,2013-06,1
272,Colusa,2017-07,1
273,Colusa,2018-01,1
274,Colusa,2018-07,1
277,Colusa,2019-01,1
280,Colusa,2019-08,1
282,Contra Costa,2013-07,1
286,Contra Costa,2013-09,1
288,Contra Costa,2014-07,1
290,Contra Costa,2015-07,1
292,Contra Costa,2016-07,1
294,Contra Costa,2017-06,1
295,Contra Costa,2017-07,1
297,Contra Costa,2018-01,1
300,Contra Costa,2018-06,1
304,Contra Costa,2018-07,1
307,Contra Costa,2018-08,1
308,Contra Costa,2018-11,1
309,Contra Costa,2019-01,1
318,Contra Costa,2019-06,1
320,Contra Costa,2019-07,1
322,Contra Costa,2019-08,1
325,Contra Costa,2019-10,1
336,Del Norte,2015-07,1
337,Del Norte,2015-08,1
339,Del Norte,2015-11,1
340,Del Norte,2016-09,1
342,Del Norte,2017-06,1
343,Del Norte,2017-07,1
344,Del Norte,2017-09,1
345,Del Norte,2018-01,1
348,El Dorado,2013-07,1
352,El Dorado,2013-08,1
356,El Dorado,2014-07,1
359,El Dorado,2014-08,1
360,El Dorado,2014-09,1
365,El Dorado,2014-10,1
366,El Dorado,2015-07,1
372,El Dorado,2016-06,1
375,El Dorado,2016-07,1
378,El Dorado,2016-08,1
380,El Dorado,2016-10,1
382,El Dorado,2017-07,1
387,El Dorado,2017-09,1
388,El Dorado,2017-10,1
390,El Dorado,2017-12,1
391,El Dorado,2018-01,1
400,El Dorado,2018-07,1
401,El Dorado,2018-08,1
403,El Dorado,2018-09,1
405,El Dorado,2019-01,1
410,El Dorado,2019-07,1
412,El Dorado,2019-08,1
416,El Dorado,2019-09,1
420,El Dorado,2019-10,1
422,Fresno,2013-04,1
424,Fresno,2013-06,1
432,Fresno,2013-07,1
433,Fresno,2013-09,1
434,Fresno,2014-01,1
436,Fresno,2014-06,1
440,Fresno,2015-06,1
442,Fresno,2015-07,1
445,Fresno,2015-09,1
447,Fresno,2015-11,1
448,Fresno,2016-04,1
450,Fresno,2016-05,1
454,Fresno,2016-07,1
463,Fresno,2016-08,1
466,Fresno,2016-09,1
470,Fresno,2016-10,1
472,Fresno,2017-04,1
475,Fresno,2017-05,1
480,Fresno,2017-06,1
484,Fresno,2017-07,1
488,Fresno,2017-08,1
492,Fresno,2017-09,1
495,Fresno,2017-10,1
496,Fresno,2018-01,1
520,Fresno,2018-04,1
521,Fresno,2018-05,1
522,Fresno,2018-06,1
524,Fresno,2018-10,1
525,Fresno,2019-01,1
530,Fresno,2019-05,1
531,Fresno,2019-06,1
532,Fresno,2019-09,1
533,Fresno,2019-10,1
536,Glenn,2013-05,1
538,Glenn,2013-06,1
540,Glenn,2017-07,1
541,Glenn,2018-01,1
542,Glenn,2018-05,1
543,Glenn,2018-06,1
545,Glenn,2018-07,1
546,Glenn,2019-01,1
550,Glenn,2019-10,1
552,Humboldt,2013-08,1
556,Humboldt,2014-01,1
560,Humboldt,2014-08,1
562,Humboldt,2014-09,1
564,Humboldt,2015-06,1
566,Humboldt,2015-07,1
570,Humboldt,2015-08,1
574,Humboldt,2016-08,1
579,Humboldt,2016-09,1
580,Humboldt,2017-08,1
585,Humboldt,2017-10,1
586,Humboldt,2018-01,1
592,Humboldt,2018-04,1
593,Humboldt,2018-07,1
594,Humboldt,2018-08,1
595,Humboldt,2018-11,1
596,Humboldt,2019-01,1
602,Inyo,2013-02,1
604,Inyo,2014-04,1
606,Inyo,2014-09,1
608,Inyo,2015-02,1
610,Inyo,2016-07,1
612,Inyo,2016-09,1
614,Inyo,2018-02,1
615,Inyo,2018-04,1
616,Inyo,2018-07,1
618,Inyo,2019-01,1
622,Inyo,2019-09,1
624,Inyo,2019-11,1
626,Kern,2013-05,1
628,Kern,2013-07,1
632,Kern,2013-08,1
634,Kern,2014-06,1
636,Kern,2014-07,1
640,Kern,2014-08,1
642,Kern,2015-06,1
644,Kern,2015-08,1
646,Kern,2015-09,1
648,Kern,2016-05,1
649,Kern,2016-06,1
653,Kern,2016-07,1
662,Kern,2016-08,1
669,Kern,2016-09,1
671,Kern,2016-10,1
672,Kern,2017-05,1
678,Kern,2017-06,1
685,Kern,2017-07,1
689,Kern,2017-08,1
691,Kern,2017-09,1
693,Kern,2017-10,1
696,Kern,2018-01,1
719,Kern,2018-04,1
720,Kern,2018-05,1
721,Kern,2018-06,1
722,Kern,2018-07,1
724,Kern,2018-08,1
728,Kern,2018-09,1
729,Kern,2019-01,1
738,Kern,2019-04,1
739,Kern,2019-05,1
744,Kern,2019-07,1
746,Kern,2019-08,1
750,Kings,2017-05,1
751,Kings,2017-07,1
752,Kings,2017-08,1
753,Kings,2018-01,1
756,Kings,2018-08,1
757,Kings,2019-01,1
758,Kings,2019-04,1
759,Kings,2019-06,1
760,Lake,2013-01,1
762,Lake,2013-06,1
768,Lake,2013-08,1
772,Lake,2013-09,1
774,Lake,2013-11,1
780,Lake,2014-05,1
782,Lake,2014-07,1
784,Lake,2014-09,1
786,Lake,2015-06,1
788,Lake,2015-07,1
789,Lake,2015-08,1
796,Lake,2015-09,1
798,Lake,2016-06,1
800,Lake,2016-07,1
804,Lake,2016-08,1
812,Lake,2017-07,1
813,Lake,2017-08,1
814,Lake,2017-09,1
817,Lake,2017-10,1
820,Lake,2018-01,1
827,Lake,2018-02,1
828,Lake,2018-06,1
830,Lake,2018-07,1
834,Lake,2018-08,1
836,Lake,2018-09,1
838,Lake,2019-01,1
848,Lake,2019-08,1
850,Lake,2019-09,1
854,Lake,2019-10,1
855,Lake,2019-11,1
858,Lassen,2013-08,1
860,Lassen,2015-06,1
863,Lassen,2015-07,1
864,Lassen,2015-08,1
868,Lassen,2015-09,1
870,Lassen,2016-07,1
871,Lassen,2016-08,1
872,Lassen,2016-09,1
874,Lassen,2017-06,1
875,Lassen,2017-07,1
877,Lassen,2017-08,1
882,Lassen,2018-01,1
890,Lassen,2018-06,1
892,Lassen,2018-07,1
898,Lassen,2018-09,1
899,Lassen,2018-11,1
900,Lassen,2019-01,1
910,Lassen,2019-07,1
914,Lassen,2019-08,1
923,Lassen,2019-09,1
926,Lassen,2019-10,1
930,Los Angeles,2013-05,1
935,Los Angeles,2013-06,1
936,Los Angeles,2013-08,1
938,Los Angeles,2013-09,1
940,Los Angeles,2014-01,1
942,Los Angeles,2014-08,1
944,Los Angeles,2014-12,1
946,Los Angeles,2015-06,1
948,Los Angeles,2015-07,1
949,Los Angeles,2015-08,1
954,Los Angeles,2016-04,1
956,Los Angeles,2016-05,1
958,Los Angeles,2016-06,1
961,Los Angeles,2016-07,1
964,Los Angeles,2016-08,1
965,Los Angeles,2016-11,1
967,Los Angeles,2017-06,1
972,Los Angeles,2017-07,1
973,Los Angeles,2017-08,1
975,Los Angeles,2017-09,1
976,Los Angeles,2017-10,1
977,Los Angeles,2017-12,1
980,Los Angeles,2018-01,1
991,Los Angeles,2018-03,1
992,Los Angeles,2018-04,1
993,Los Angeles,2018-06,1
997,Los Angeles,2018-07,1
998,Los Angeles,2018-08,1
999,Los Angeles,2018-09,1
1001,Los Angeles,2018-11,1
1002,Los Angeles,2019-01,1
1010,Los Angeles,2019-08,1
1013,Los Angeles,2019-10,1
1019,Los Angeles,2019-11,1
1022,Madera,2013-04,1
1023,Madera,2013-05,1
1028,Madera,2013-06,1
1032,Madera,2014-07,1
1034,Madera,2014-08,1
1037,Madera,2014-09,1
1039,Madera,2014-12,1
1040,Madera,2015-06,1
1046,Madera,2015-07,1
1047,Madera,2015-08,1
1048,Madera,2016-07,1
1054,Madera,2016-08,1
1056,Madera,2017-05,1
1057,Madera,2017-06,1
1060,Madera,2017-07,1
1061,Madera,2017-08,1
1062,Madera,2017-09,1
1065,Madera,2018-01,1
1074,Madera,2018-05,1
1075,Madera,2018-06,1
1078,Madera,2018-07,1
1080,Madera,2018-08,1
1082,Madera,2018-09,1
1083,Madera,2019-01,1
1092,Madera,2019-07,1
1094,Marin,1969-12,1
1095,Marin,2017-06,1
1096,Marin,2017-07,1
1097,Marin,2018-01,1
1099,Marin,2018-06,1
1100,Marin,2018-09,1
1101,Marin,2019-01,1
1104,Marin,2019-10,1
1106,Mariposa,2013-06,1
1108,Mariposa,2014-05,1
1109,Mariposa,2014-06,1
1114,Mariposa,2014-07,1
1116,Mariposa,2014-08,1
1119,Mariposa,2014-09,1
1123,Mariposa,2014-10,1
1125,Mariposa,2014-12,1
1126,Mariposa,2015-06,1
1130,Mariposa,2015-09,1
1132,Mariposa,2017-06,1
1134,Mariposa,2017-07,1
1137,Mariposa,2017-08,1
1140,Mariposa,2017-09,1
1143,Mariposa,2017-10,1
1144,Mariposa,2018-01,1
1156,Mariposa,2018-06,1
1158,Mariposa,2018-07,1
1160,Mariposa,2018-08,1
1161,Mariposa,2019-01,1
1166,Mariposa,2019-07,1
1168,Mariposa,2019-08,1
1170,Mariposa,2019-10,1
1176,Mendocino,2013-07,1
1178,Mendocino,2013-09,1
1180,Mendocino,2013-11,1
1182,Mendocino,2013-12,1
1184,Mendocino,2014-07,1
1185,Mendocino,2014-09,1
1190,Mendocino,2015-06,1
1192,Mendocino,2015-07,1
1196,Mendocino,2015-08,1
1198,Mendocino,2016-08,1
1200,Mendocino,2016-09,1
1202,Mendocino,2017-07,1
1204,Mendocino,2017-09,1
1205,Mendocino,2017-10,1
1206,Mendocino,2018-01,1
1209,Mendocino,2018-02,1
1210,Mendocino,2018-07,1
1215,Mendocino,2018-08,1
1216,Mendocino,2018-11,1
1217,Mendocino,2019-01,1
1224,Mendocino,2019-07,1
1225,Mendocino,2019-08,1
1227,Mendocino,2019-10,1
1229,Mendocino,2019-11,1
1232,Merced,1969-12,1
1233,Merced,2013-06,1
1235,Merced,2014-07,1
1237,Merced,2015-05,1
1239,Merced,2015-07,1
1242,Merced,2015-08,1
1243,Merced,2016-04,1
1245,Merced,2016-06,1
1247,Merced,2017-05,1
1248,Merced,2018-01,1
1250,Merced,2018-05,1
1252,Merced,2018-06,1
1256,Merced,2019-01,1
1262,Merced,2019-06,1
1263,Merced,2019-07,1
1264,Mexico,2019-08,1
1268,Modoc,2013-07,1
1270,Modoc,2013-09,1
1274,Modoc,2014-07,1
1279,Modoc,2014-08,1
1282,Modoc,2015-07,1
1290,Modoc,2016-09,1
1293,Modoc,2016-10,1
1294,Modoc,2017-04,1
1295,Modoc,2017-06,1
1297,Modoc,2017-07,1
1301,Modoc,2017-08,1
1304,Modoc,2018-01,1
1314,Modoc,2018-07,1
1316,Modoc,2018-08,1
1317,Modoc,2018-09,1
1318,Modoc,2019-01,1
1322,Modoc,2019-07,1
1325,Modoc,2019-08,1
1328,Modoc,2019-09,1
1330,Mono,2015-02,1
1334,Mono,2015-08,1
1336,Mono,2016-06,1
1337,Mono,2016-07,1
1338,Mono,2016-08,1
1342,Mono,2017-08,1
1343,Mono,2017-11,1
1344,Mono,2018-01,1
1346,Mono,2018-09,1
1347,Mono,2019-01,1
1348,Mono,2019-09,1
1350,Monterey,2013-06,1
1352,Monterey,2013-07,1
1354,Monterey,2013-12,1
1356,Monterey,2014-03,1
1358,Monterey,2014-04,1
1359,Monterey,2014-05,1
1360,Monterey,2014-06,1
1362,Monterey,2015-09,1
1366,Monterey,2016-05,1
1370,Monterey,2016-06,1
1376,Monterey,2016-07,1
1379,Monterey,2016-10,1
1380,Monterey,2017-04,1
1381,Monterey,2017-05,1
1384,Monterey,2017-06,1
1389,Monterey,2017-07,1
1391,Monterey,2017-08,1
1392,Monterey,2017-09,1
1393,Monterey,2017-10,1
1394,Monterey,2018-01,1
1408,Monterey,2018-02,1
1409,Monterey,2018-06,1
1412,Monterey,2018-08,1
1414,Monterey,2018-09,1
1415,Monterey,2018-10,1
1417,Monterey,2019-01,1
1425,Monterey,2019-06,1
1430,Monterey,2019-07,1
1434,Monterey,2019-08,1
1435,Monterey,2019-09,1
1437,Monterey,2019-10,1
1440,Napa,2013-04,1
1441,Napa,2013-05,1
1442,Napa,2013-10,1
1444,Napa,2013-11,1
1446,Napa,2014-07,1
1448,Napa,2014-08,1
1450,Napa,2014-09,1
1452,Napa,2015-06,1
1458,Napa,2015-08,1
1460,Napa,2016-10,1
1462,Napa,2017-06,1
1463,Napa,2017-08,1
1464,Napa,2017-10,1
1468,Napa,2018-01,1
1471,Napa,2018-02,1
1474,Napa,2018-05,1
1475,Napa,2018-06,1
1476,Napa,2018-07,1
1477,Napa,2018-08,1
1478,Napa,2018-09,1
1479,Napa,2019-01,1
1484,Napa,2019-06,1
1486,Napa,2019-07,1
1487,Napa,2019-10,1
1490,Nevada,1969-12,1
1491,Nevada,2013-08,1
1493,Nevada,2014-07,1
1495,Nevada,2014-08,1
1497,Nevada,2014-09,1
1499,Nevada,2015-07,1
1500,Nevada,2015-08,1
1501,Nevada,2015-09,1
1503,Nevada,2016-09,1
1506,Nevada,2017-07,1
1509,Nevada,2017-08,1
1510,Nevada,2017-10,1
1513,Nevada,2018-01,1
1518,Nevada,2018-02,1
1520,Nevada,2018-08,1
1521,Nevada,2019-01,1
1522,Nevada,2019-06,1
1524,Orange,2013-10,1
1526,Orange,2014-09,1
1528,Orange,2015-07,1
1530,Orange,2016-06,1
1532,Orange,2016-08,1
1533,Orange,2016-09,1
1534,Orange,2017-09,1
1535,Orange,2017-10,1
1536,Orange,2018-03,1
1537,Orange,2018-04,1
1538,Orange,2018-06,1
1540,Orange,2018-08,1
1541,Orange,2019-01,1
1544,Placer,2013-06,1
1546,Placer,2013-08,1
1548,Placer,2014-01,1
1550,Placer,2014-07,1
1552,Placer,2014-10,1
1554,Placer,2015-06,1
1556,Placer,2015-07,1
1558,Placer,2016-05,1
1560,Placer,2016-06,1
1563,Placer,2016-07,1
1564,Placer,2018-08,1
1565,Placer,2018-09,1
1566,Placer,2019-01,1
1568,Placer,2019-05,1
1570,Placer,2019-06,1
1574,Placer,2019-09,1
1575,Placer,2019-11,1
1578,Plumas,2013-08,1
1580,Plumas,2015-04,1
1582,Plumas,2016-09,1
1583,Plumas,2016-10,1
1584,Plumas,2017-07,1
1585,Plumas,2017-08,1
1587,Plumas,2017-09,1
1589,Plumas,2018-01,1
1594,Plumas,2018-04,1
1595,Plumas,2018-08,1
1596,Plumas,2019-01,1
1598,Plumas,2019-09,1
1600,Riverside,2013-02,1
1601,Riverside,2013-03,1
1602,Riverside,2013-05,1
1614,Riverside,2013-06,1
1620,Riverside,2013-07,1
1628,Riverside,2013-08,1
1638,Riverside,2014-03,1
1642,Riverside,2014-06,1
1646,Riverside,2014-07,1
1648,Riverside,2014-09,1
1650,Riverside,2015-04,1
1652,Riverside,2015-06,1
1658,Riverside,2015-07,1
1662,Riverside,2015-08,1
1664,Riverside,2016-06,1
1666,Riverside,2016-07,1
1668,Riverside,2016-08,1
1671,Riverside,2016-09,1
1672,Riverside,2017-04,1
1675,Riverside,2017-05,1
1681,Riverside,2017-06,1
1693,Riverside,2017-07,1
1705,Riverside,2017-08,1
1713,Riverside,2017-09,1
1716,Riverside,2017-10,1
1719,Riverside,2017-11,1
1720,Riverside,2017-12,1
1724,Riverside,2018-01,1
1776,Riverside,2018-04,1
1780,Riverside,2018-05,1
1784,Riverside,2018-06,1
1789,Riverside,2018-07,1
1795,Riverside,2018-08,1
1800,Riverside,2018-09,1
1801,Riverside,2019-01,1
1826,Riverside,2019-04,1
1828,Riverside,2019-05,1
1834,Riverside,2019-06,1
1842,Riverside,2019-07,1
1850,Riverside,2019-08,1
1860,Riverside,2019-09,1
1874,Riverside,2019-10,1
1884,Riverside,2019-11,1
1892,Sacramento,2013-07,1
1894,Sacramento,2015-09,1
1896,Sacramento,2016-06,1
1898,Sacramento,2016-07,1
1900,Sacramento,2016-09,1
1902,Sacramento,2017-06,1
1904,Sacramento,2017-07,1
1905,Sacramento,2018-01,1
1908,Sacramento,2018-06,1
1909,Sacramento,2019-01,1
1910,Sacramento,2019-08,1
1914,San Benito,2013-05,1
1916,San Benito,2015-07,1
1918,San Benito,2015-10,1
1920,San Benito,2016-06,1
1926,San Benito,2016-07,1
1928,San Benito,2017-05,1
1929,San Benito,2017-07,1
1930,San Benito,2017-11,1
1931,San Benito,2018-01,1
1934,San Benito,2018-06,1
1939,San Benito,2018-07,1
1942,San Benito,2019-01,1
1950,San Benito,2019-09,1
1954,San Bernardino,2013-04,1
1956,San Bernardino,2013-05,1
1958,San Bernardino,2013-06,1
1959,San Bernardino,2013-07,1
1962,San Bernardino,2013-08,1
1970,San Bernardino,2013-09,1
1974,San Bernardino,2014-04,1
1975,San Bernardino,2014-05,1
1976,San Bernardino,2014-10,1
1978,San Bernardino,2015-06,1
1981,San Bernardino,2015-07,1
1985,San Bernardino,2015-08,1
1989,San Bernardino,2015-09,1
1990,San Bernardino,2016-08,1
1994,San Bernardino,2016-09,1
1998,San Bernardino,2017-04,1
1999,San Bernardino,2017-05,1
2000,San Bernardino,2017-06,1
2002,San Bernardino,2017-07,1
2010,San Bernardino,2017-08,1
2011,San Bernardino,2017-10,1
2012,San Bernardino,2017-11,1
2013,San Bernardino,2017-12,1
2015,San Bernardino,2018-01,1
2031,San Bernardino,2018-04,1
2032,San Bernardino,2018-06,1
2033,San Bernardino,2018-07,1
2036,San Bernardino,2018-08,1
2037,San Bernardino,2018-09,1
2038,San Bernardino,2018-11,1
2039,San Bernardino,2019-01,1
2046,San Bernardino,2019-07,1
2048,San Bernardino,2019-08,1
2050,San Bernardino,2019-09,1
2052,San Bernardino,2019-10,1
2056,San Bernardino,2019-11,1
2060,San Diego,2013-05,1
2066,San Diego,2013-07,1
2070,San Diego,2013-09,1
2074,San Diego,2013-10,1
2076,San Diego,2014-03,1
2078,San Diego,2014-05,1
2098,San Diego,2014-07,1
2100,San Diego,2014-08,1
2102,San Diego,2015-06,1
2106,San Diego,2015-07,1
2112,San Diego,2015-08,1
2116,San Diego,2016-05,1
2117,San Diego,2016-06,1
2120,San Diego,2016-07,1
2126,San Diego,2016-08,1
2128,San Diego,2016-11,1
2130,San Diego,2017-05,1
2134,San Diego,2017-06,1
2139,San Diego,2017-07,1
2141,San Diego,2017-08,1
2143,San Diego,2017-09,1
2145,San Diego,2017-10,1
2149,San Diego,2017-12,1
2150,San Diego,2018-01,1
2169,San Diego,2018-04,1
2170,San Diego,2018-05,1
2174,San Diego,2018-06,1
2178,San Diego,2018-07,1
2184,San Diego,2018-08,1
2187,San Diego,2019-01,1
2204,San Diego,2019-05,1
2206,San Diego,2019-06,1
2212,San Diego,2019-07,1
2217,San Diego,2019-08,1
2223,San Diego,2019-09,1
2226,San Diego,2019-10,1
2238,San Joaquin,2013-05,1
2240,San Joaquin,2015-06,1
2242,San Joaquin,2016-08,1
2244,San Joaquin,2018-06,1
2246,San Joaquin,2019-01,1
2248,San Joaquin,2019-07,1
2251,San Joaquin,2019-09,1
2254,San Luis Obispo,2013-05,1
2258,San Luis Obispo,2013-06,1
2260,San Luis Obispo,2013-07,1
2262,San Luis Obispo,2013-09,1
2264,San Luis Obispo,2013-11,1
2266,San Luis Obispo,2014-07,1
2268,San Luis Obispo,2015-06,1
2270,San Luis Obispo,2015-07,1
2272,San Luis Obispo,2015-08,1
2274,San Luis Obispo,2016-05,1
2278,San Luis Obispo,2016-06,1
2282,San Luis Obispo,2016-08,1
2283,San Luis Obispo,2016-09,1
2284,San Luis Obispo,2017-05,1
2290,San Luis Obispo,2017-06,1
2292,San Luis Obispo,2017-07,1
2298,San Luis Obispo,2017-08,1
2301,San Luis Obispo,2017-09,1
2306,San Luis Obispo,2017-10,1
2309,San Luis Obispo,2018-01,1
2334,San Luis Obispo,2018-05,1
2336,San Luis Obispo,2018-06,1
2342,San Luis Obispo,2018-07,1
2345,San Luis Obispo,2018-09,1
2347,San Luis Obispo,2018-10,1
2348,San Luis Obispo,2019-01,1
2362,San Luis Obispo,2019-05,1
2363,San Luis Obispo,2019-06,1
2370,San Luis Obispo,2019-07,1
2373,San Luis Obispo,2019-09,1
2375,San Luis Obispo,2019-10,1
2382,San Mateo,2013-09,1
2384,San Mateo,2017-09,1
2385,San Mateo,2018-01,1
2386,San Mateo,2019-10,1
2388,Santa Barbara,1969-12,1
2389,Santa Barbara,2013-05,1
2393,Santa Barbara,2014-05,1
2395,Santa Barbara,2015-06,1
2397,Santa Barbara,2015-08,1
2398,Santa Barbara,2015-10,1
2399,Santa Barbara,2015-11,1
2400,Santa Barbara,2016-06,1
2401,Santa Barbara,2016-07,1
2402,Santa Barbara,2016-08,1
2403,Santa Barbara,2016-09,1
2408,Santa Barbara,2017-05,1
2409,Santa Barbara,2017-07,1
2411,Santa Barbara,2017-09,1
2412,Santa Barbara,2017-12,1
2415,Santa Barbara,2018-01,1
2422,Santa Barbara,2018-03,1
2423,Santa Barbara,2018-05,1
2424,Santa Barbara,2018-07,1
2427,Santa Barbara,2018-08,1
2428,Santa Barbara,2018-09,1
2429,Santa Barbara,2019-01,1
2437,Santa Barbara,2019-03,1
2438,Santa Barbara,2019-07,1
2439,Santa Barbara,2019-08,1
2440,Santa Barbara,2019-09,1
2442,Santa Barbara,2019-10,1
2444,Santa Barbara,2019-11,1
2445,Santa Barbara,2019-12,1
2446,Santa Clara,2013-07,1
2448,Santa Clara,2013-12,1
2450,Santa Clara,2014-06,1
2451,Santa Clara,2014-07,1
2452,Santa Clara,2014-08,1
2454,Santa Clara,2015-06,1
2455,Santa Clara,2015-07,1
2456,Santa Clara,2015-09,1
2458,Santa Clara,2016-07,1
2460,Santa Clara,2016-08,1
2464,Santa Clara,2016-09,1
2467,Santa Clara,2017-06,1
2469,Santa Clara,2017-07,1
2473,Santa Clara,2017-08,1
2474,Santa Clara,2017-09,1
2476,Santa Clara,2018-01,1
2484,Santa Clara,2018-05,1
2485,Santa Clara,2018-06,1
2486,Santa Clara,2018-07,1
2491,Santa Clara,2018-09,1
2492,Santa Clara,2018-10,1
2493,Santa Clara,2019-01,1
2502,Santa Clara,2019-05,1
2503,Santa Clara,2019-06,1
2510,Santa Clara,2019-07,1
2515,Santa Clara,2019-08,1
2517,Santa Clara,2019-09,1
2519,Santa Clara,2019-10,1
2524,Santa Cruz,2017-10,1
2525,Santa Cruz,2018-01,1
2526,Santa Cruz,2018-11,1
2528,Santa Cruz,2019-01,1
2530,Santa Cruz,2019-09,1
2532,Shasta,2013-07,1
2534,Shasta,2013-08,1
2540,Shasta,2013-09,1
2542,Shasta,2013-11,1
2544,Shasta,2014-05,1
2546,Shasta,2014-07,1
2555,Shasta,2014-08,1
2559,Shasta,2014-09,1
2561,Shasta,2014-11,1
2562,Shasta,2015-07,1
2569,Shasta,2015-08,1
2574,Shasta,2015-09,1
2576,Shasta,2016-05,1
2578,Shasta,2016-06,1
2580,Shasta,2016-07,1
2582,Shasta,2016-08,1
2584,Shasta,2016-09,1
2588,Shasta,2017-04,1
2589,Shasta,2017-06,1
2590,Shasta,2017-07,1
2594,Shasta,2017-08,1
2595,Shasta,2017-09,1
2597,Shasta,2017-10,1
2599,Shasta,2018-01,1
2610,Shasta,2018-03,1
2611,Shasta,2018-06,1
2613,Shasta,2018-07,1
2618,Shasta,2018-08,1
2621,Shasta,2018-09,1
2624,Shasta,2018-10,1
2626,Shasta,2019-01,1
2642,Shasta,2019-06,1
2644,Shasta,2019-07,1
2647,Shasta,2019-08,1
2654,Shasta,2019-09,1
2656,Shasta,2019-10,1
2660,Sierra,2017-06,1
2661,Sierra,2017-07,1
2662,Sierra,2018-01,1
2664,Siskiyou,2013-07,1
2667,Siskiyou,2013-08,1
2670,Siskiyou,2014-07,1
2674,Siskiyou,2014-08,1
2681,Siskiyou,2014-09,1
2683,Siskiyou,2014-10,1
2684,Siskiyou,2015-02,1
2685,Siskiyou,2015-03,1
2686,Siskiyou,2015-07,1
2690,Siskiyou,2015-08,1
2692,Siskiyou,2015-10,1
2694,Siskiyou,2016-05,1
2696,Siskiyou,2016-06,1
2697,Siskiyou,2016-07,1
2701,Siskiyou,2016-08,1
2705,Siskiyou,2016-09,1
2707,Siskiyou,2016-11,1
2708,Siskiyou,2017-06,1
2712,Siskiyou,2017-07,1
2717,Siskiyou,2017-08,1
2724,Siskiyou,2018-01,1
2740,Siskiyou,2018-05,1
2742,Siskiyou,2018-06,1
2745,Siskiyou,2018-07,1
2749,Siskiyou,2018-10,1
2750,Siskiyou,2019-01,1
2760,Siskiyou,2019-06,1
2766,Siskiyou,2019-07,1
2768,Siskiyou,2019-09,1
2778,Solano,2013-06,1
2782,Solano,2014-06,1
2784,Solano,2015-07,1
2788,Solano,2016-07,1
2790,Solano,2017-06,1
2791,Solano,2017-09,1
2792,Solano,2017-10,1
2794,Solano,2018-01,1
2797,Solano,2018-02,1
2798,Solano,2018-08,1
2799,Solano,2018-10,1
2801,Solano,2018-11,1
2802,Solano,2019-01,1
2806,Solano,2019-06,1
2808,Solano,2019-07,1
2809,Solano,2019-08,1
2811,Solano,2019-09,1
2812,Solano,2019-10,1
2816,Sonoma,2013-05,1
2818,Sonoma,2013-06,1
2820,Sonoma,2013-07,1
2822,Sonoma,2013-10,1
2824,Sonoma,2013-11,1
2826,Sonoma,2016-09,1
2828,Sonoma,2017-07,1
2829,Sonoma,2017-08,1
2830,Sonoma,2017-10,1
2838,Sonoma,2018-01,1
2844,Sonoma,2018-02,1
2847,Sonoma,2018-04,1
2848,Sonoma,2018-06,1
2849,Sonoma,2019-01,1
2850,Sonoma,2019-10,1
2851,Sonoma,2019-11,1
2852,Stanislaus,2013-07,1
2854,Stanislaus,2014-05,1
2856,Stanislaus,2015-07,1
2858,Stanislaus,2016-06,1
2860,Stanislaus,2016-08,1
2864,Stanislaus,2017-06,1
2865,Stanislaus,2017-07,1
2868,Stanislaus,2017-09,1
2869,Stanislaus,2017-10,1
2870,Stanislaus,2018-01,1
2876,Stanislaus,2018-05,1
2877,Stanislaus,2019-01,1
2878,Stanislaus,2019-06,1
2882,Stanislaus,2019-07,1
2886,Stanislaus,2019-09,1
2889,Stanislaus,2019-10,1
2892,State of Nevada,2019-07,1
2894,State of Oregon,2019-08,1
2896,Sutter,2016-09,1
2898,Sutter,2018-07,1
2899,Sutter,2019-01,1
2900,Sutter,2019-06,1
2902,Tehama,2013-05,1
2904,Tehama,2013-07,1
2908,Tehama,2013-08,1
2910,Tehama,2013-09,1
2912,Tehama,2014-01,1
2914,Tehama,2014-06,1
2916,Tehama,2015-06,1
2918,Tehama,2015-07,1
2920,Tehama,2015-08,1
2922,Tehama,2016-06,1
2927,Tehama,2016-07,1
2932,Tehama,2016-08,1
2934,Tehama,2016-09,1
2936,Tehama,2017-06,1
2939,Tehama,2017-07,1
2941,Tehama,2017-08,1
2943,Tehama,2017-10,1
2946,Tehama,2017-11,1
2947,Tehama,2018-01,1
2958,Tehama,2018-05,1
2959,Tehama,2018-06,1
2966,Tehama,2018-07,1
2969,Tehama,2018-09,1
2970,Tehama,2018-10,1
2971,Tehama,2018-11,1
2972,Tehama,2019-01,1
2986,Tehama,2019-05,1
2988,Tehama,2019-06,1
2990,Tehama,2019-09,1
2993,Tehama,2019-10,1
3001,Tehama,2019-11,1
3003,Tehama,2019-12,1
3004,Trinity,2014-07,1
3006,Trinity,2014-08,1
3008,Trinity,2015-06,1
3010,Trinity,2015-07,1
3015,Trinity,2015-08,1
3020,Trinity,2015-09,1
3022,Trinity,2017-08,1
3026,Trinity,2017-09,1
3027,Trinity,2017-10,1
3028,Trinity,2018-01,1
3034,Trinity,2018-06,1
3035,Trinity,2018-07,1
3036,Trinity,2018-09,1
3038,Trinity,2019-01,1
3042,Trinity,2019-09,1
3046,Tulare,2013-08,1
3047,Tulare,2013-09,1
3050,Tulare,2015-07,1
3054,Tulare,2015-08,1
3055,Tulare,2015-09,1
3056,Tulare,2016-06,1
3058,Tulare,2016-08,1
3059,Tulare,2016-10,1
3061,Tulare,2016-11,1
3062,Tulare,2016-12,1
3064,Tulare,2017-05,1
3065,Tulare,2017-06,1
3069,Tulare,2017-07,1
3074,Tulare,2017-08,1
3076,Tulare,2017-09,1
3077,Tulare,2018-01,1
3090,Tulare,2018-02,1
3091,Tulare,2018-05,1
3092,Tulare,2018-07,1
3094,Tulare,2018-08,1
3095,Tulare,2018-10,1
3096,Tulare,2019-01,1
3102,Tulare,2019-06,1
3112,Tulare,2019-08,1
3113,Tulare,2019-09,1
3116,Tuolumne,2013-06,1
3118,Tuolumne,2013-08,1
3121,Tuolumne,2013-09,1
3122,Tuolumne,2014-06,1
3126,Tuolumne,2014-09,1
3128,Tuolumne,2015-07,1
3129,Tuolumne,2015-08,1
3132,Tuolumne,2015-09,1
3134,Tuolumne,2016-05,1
3135,Tuolumne,2016-06,1
3136,Tuolumne,2016-07,1
3137,Tuolumne,2016-08,1
3138,Tuolumne,2016-09,1
3139,Tuolumne,2016-10,1
3140,Tuolumne,2017-06,1
3141,Tuolumne,2017-07,1
3143,Tuolumne,2017-08,1
3144,Tuolumne,2017-09,1
3145,Tuolumne,2018-01,1
3149,Tuolumne,2018-03,1
3150,Tuolumne,2018-06,1
3151,Tuolumne,2018-08,1
3152,Tuolumne,2018-09,1
3153,Tuolumne,2019-01,1
3156,Tuolumne,2019-08,1
3158,Tuolumne,2019-09,1
3160,Ventura,2013-05,1
3164,Ventura,2013-11,1
3166,Ventura,2013-12,1
3168,Ventura,2014-09,1
3170,Ventura,2015-06,1
3172,Ventura,2015-08,1
3176,Ventura,2015-11,1
3180,Ventura,2016-04,1
3182,Ventura,2016-05,1
3184,Ventura,2016-06,1
3186,Ventura,2016-07,1
3192,Ventura,2017-07,1
3193,Ventura,2017-10,1
3194,Ventura,2017-12,1
3195,Ventura,2018-01,1
3198,Ventura,2018-11,1
3202,Ventura,2019-01,1
3207,Ventura,2019-03,1
3208,Ventura,2019-07,1
3210,Ventura,2019-09,1
3212,Ventura,2019-10,1
3217,Ventura,2019-11,1
3220,Yolo,2013-11,1
3222,Yolo,2014-07,1
3224,Yolo,2016-06,1
3226,Yolo,2016-07,1
3228,Yolo,2016-08,1
3230,Yolo,2017-07,1
3231,Yolo,2018-01,1
3232,Yolo,2018-06,1
3234,Yolo,2018-07,1
3235,Yolo,2019-01,1
3238,Yolo,2019-06,1
3240,Yolo,2019-08,1
3242,Yolo,2019-11,1
3244,Yuba,2013-07,1
3246,Yuba,2015-06,1
3248,Yuba,2015-08,1
3250,Yuba,2016-08,1
3252,Yuba,2017-05,1
3253,Yuba,2017-07,1
3255,Yuba,2017-08,1
3256,Yuba,2017-09,1
3257,Yuba,2017-10,1
3258,Yuba,2018-01,1
3263,Yuba,2018-02,1
3264,Yuba,2019-06,1
3270,Yuba,2019-07,1
