ArchiveYear,County,Extinguished,Started
2013,Tuolumne,2013-09-06T18:30:00Z,2013-08-17T15:25:00Z
2013,Los Angeles,2013-06-08T18:30:00Z,2013-05-30T15:28:00Z
2013,Riverside,2013-07-30T18:00:00Z,2013-07-15T13:43:00Z
2013,Placer,2013-08-30T08:00:00Z,2013-08-10T16:30:00Z
2013,Ventura,2013-05-11T06:30:00Z,2013-05-02T07:01:00Z
2013,Fresno,2013-09-24T20:15:00Z,2013-07-22T22:15:00Z
2013,Riverside,2013-08-12T18:00:00Z,2013-08-07T14:05:00Z
2013,Siskiyou,2013-08-31T06:45:00Z,2013-07-31T22:00:00Z
2013,Humboldt,2013-08-12T12:00:00Z,2013-08-10T11:40:00Z
2013,Tehama,2013-08-29T16:45:00Z,2013-08-23T14:15:00Z
2013,Shasta,2013-09-15T07:30:00Z,2013-09-09T12:32:00Z
2013,San Diego,2013-07-15T06:15:00Z,2013-07-06T12:55:00Z
2013,Tehama,2013-05-09T09:00:00Z,2013-05-01T09:12:00Z
2013,Kern,2013-05-21T19:45:00Z,2013-05-15T12:50:00Z
2013,Ventura,2013-05-21T19:45:00Z,2013-05-15T12:50:00Z
2013,Sonoma,2013-11-27T18:15:00Z,2013-11-22T02:04:00Z
2013,Riverside,2013-05-04T18:30:00Z,2013-05-01T12:38:00Z
2013,Contra Costa,2013-09-14T17:30:00Z,2013-09-08T13:08:00Z
2013,San Diego,2013-05-26T17:45:00Z,2013-05-23T12:20:00Z
2013,Butte,2013-08-22T18:00:00Z,2013-08-16T16:37:00Z
2013,San Diego,2013-10-09T19:00:00Z,2013-10-05T12:45:00Z
2013,Tulare,2013-09-24T20:15:00Z,2013-08-24T14:31:00Z
2013,Santa Barbara,2013-05-30T19:30:00Z,2013-05-27T14:45:00Z
2013,Mariposa,2013-06-26T11:15:00Z,2013-06-16T14:12:00Z
2013,Riverside,2013-08-09T18:45:00Z,2013-08-05T10:10:00Z
2013,San Diego,2013-05-31T06:15:00Z,2013-05-26T12:04:00Z
2013,Tuolumne,2013-08-14T08:30:00Z,2013-08-05T06:00:00Z
2013,Monterey,2013-12-20T20:00:00Z,2013-12-16T00:20:00Z
2013,Kern,2013-08-24T13:45:00Z,2013-08-18T23:12:00Z
2013,Kern,2013-07-22T18:45:00Z,2013-07-19T12:00:00Z
2013,Los Angeles,2013-05-18T19:00:00Z,2013-05-17T13:23:00Z
2013,Kern,2013-07-25T18:30:00Z,2013-07-23T09:15:00Z
2013,El Dorado,2013-07-11T18:30:00Z,2013-07-08T12:45:00Z
2013,San Bernardino,2013-07-01T06:00:00Z,2013-06-28T14:30:00Z
2013,Plumas,2013-08-25T13:15:00Z,2013-08-18T18:30:00Z
2013,Riverside,2013-05-05T18:45:00Z,2013-05-04T11:43:00Z
2013,Modoc,2013-07-05T18:30:00Z,2013-07-03T22:56:00Z
2013,San Luis Obispo,2013-06-03T18:30:00Z,2013-06-01T17:27:00Z
2013,Contra Costa,2013-07-01T18:40:00Z,2013-07-01T13:19:00Z
2013,Madera,2013-06-18T19:30:00Z,2013-06-16T18:17:00Z
2013,San Bernardino,2013-08-20T13:32:00Z,2013-08-20T13:32:00Z
2013,Inyo,2013-02-28T20:00:00Z,2013-02-24T08:16:00Z
2013,Napa,2013-10-04T16:55:00Z,2013-10-03T20:33:00Z
2013,San Benito,2013-05-03T18:45:00Z,2013-05-03T11:42:00Z
2013,Riverside,2013-03-02T19:00:00Z,2013-02-28T16:43:00Z
2013,Butte,2013-10-05T22:00:00Z,2013-10-04T17:37:00Z
2013,San Joaquin,2013-05-30T13:25:00Z,2013-05-30T11:20:00Z
2013,Butte,2013-06-03T20:00:00Z,2013-06-03T13:49:00Z
2013,Lake,2013-01-23T10:15:00Z,2013-01-22T11:08:00Z
2013,Contra Costa,2013-07-01T18:30:00Z,2013-07-01T15:41:00Z
2013,Madera,2013-05-01T07:00:00Z,2013-04-30T12:59:00Z
2013,Los Angeles,2013-09-28T08:00:00Z,2013-09-23T18:00:00Z
2013,San Diego,2013-09-12T18:15:00Z,2013-09-09T13:09:00Z
2013,San Bernardino,2013-08-13T23:45:00Z,2013-08-08T12:15:00Z
2013,Alameda,2013-06-08T13:25:00Z,2013-06-08T10:16:00Z
2013,Placer,2013-06-13T14:15:00Z,2013-06-13T11:28:00Z
2013,Glenn,2013-06-17T09:00:00Z,2013-06-12T15:17:00Z
2013,Glenn,2013-05-05T18:00:00Z,2013-05-01T19:00:00Z
2013,Monterey,2013-07-17T19:30:00Z,2013-07-17T13:23:00Z
2013,San Bernardino,2013-09-30T08:30:00Z,2013-09-24T15:51:00Z
2013,Tehama,2013-07-04T10:30:00Z,2013-07-04T07:30:00Z
2013,Shasta,2013-08-23T19:15:00Z,2013-08-19T17:48:00Z
2013,Tehama,2013-07-19T15:00:00Z,2013-07-19T13:32:00Z
2013,Napa,2013-11-23T18:30:00Z,2013-11-21T21:39:00Z
2013,Santa Barbara,2013-05-29T10:30:00Z,2013-05-28T15:24:00Z
2013,Yolo,2013-11-04T15:35:00Z,2013-11-04T11:41:00Z
2013,El Dorado,2013-07-19T17:15:00Z,2013-07-19T14:12:00Z
2013,Sacramento,2013-07-19T17:15:00Z,2013-07-19T14:12:00Z
2013,Sonoma,2013-10-05T07:45:00Z,2013-10-04T12:25:00Z
2013,Sonoma,2013-07-26T17:45:00Z,2013-07-26T13:45:00Z
2013,Alameda,2013-10-04T10:30:00Z,2013-10-04T07:35:00Z
2013,Riverside,2013-07-17T07:45:00Z,2013-07-16T17:48:00Z
2013,Stanislaus,2013-07-13T21:45:00Z,2013-07-12T15:35:00Z
2013,Fresno,2013-06-25T17:15:00Z,2013-06-25T13:36:00Z
2013,Butte,2013-05-22T09:30:00Z,2013-05-22T00:56:00Z
2013,Los Angeles,2013-05-29T15:30:00Z,2013-05-28T11:30:00Z
2013,Tulare,2013-09-24T20:15:00Z,2013-09-08T11:53:00Z
2013,Sonoma,2013-05-03T06:15:00Z,2013-05-01T02:01:00Z
2013,Solano,2013-06-18T22:30:00Z,2013-06-18T15:18:00Z
2013,Merced,2013-06-05T08:30:00Z,2013-06-04T15:42:00Z
2013,Riverside,2013-05-25T23:00:00Z,2013-05-25T14:59:00Z
2013,Lake,2013-11-10T18:30:00Z,2013-11-08T13:42:00Z
2013,El Dorado,2013-08-16T17:55:00Z,2013-08-16T13:55:00Z
2013,San Bernardino,2013-08-18T20:55:00Z,2013-08-17T17:25:00Z
2013,Fresno,2013-06-13T21:30:00Z,2013-06-13T11:54:00Z
2013,Monterey,2013-06-29T18:30:00Z,2013-06-29T14:09:00Z
2013,Los Angeles,2013-08-11T19:15:00Z,2013-08-09T17:15:00Z
2013,Tuolumne,2013-06-02T16:55:00Z,2013-06-02T13:30:00Z
2013,San Diego,2013-05-23T08:30:00Z,2013-05-22T16:14:00Z
2013,Mendocino,2013-09-29T18:15:00Z,2013-09-28T13:57:00Z
2013,Modoc,2013-09-24T20:15:00Z,2013-09-05T15:57:00Z
2013,San Bernardino,2013-08-30T08:00:00Z,2013-08-24T15:09:00Z
2013,Lassen,2013-08-12T09:30:00Z,2013-08-09T15:51:00Z
2013,Amador,2013-06-13T09:45:00Z,2013-06-12T16:43:00Z
2013,San Luis Obispo,2013-09-24T17:30:00Z,2013-09-24T03:20:00Z
2013,Butte,2013-08-04T14:45:00Z,2013-08-01T16:01:00Z
2013,Madera,2013-05-20T19:10:00Z,2013-05-19T15:07:00Z
2013,Riverside,2013-05-21T19:30:00Z,2013-05-21T14:16:00Z
2013,San Luis Obispo,2013-07-07T22:00:00Z,2013-07-07T13:16:00Z
2013,Mendocino,2013-11-22T17:30:00Z,2013-11-22T10:06:00Z
2013,Butte,2013-09-01T18:00:00Z,2013-08-31T17:23:00Z
2013,Fresno,2013-04-09T15:30:00Z,2013-04-09T12:35:00Z
2013,Tehama,2013-09-15T19:00:00Z,2013-09-15T17:39:00Z
2013,San Bernardino,2013-07-26T18:15:00Z,2013-07-25T15:09:00Z
2013,Madera,2013-06-14T16:30:00Z,2013-06-12T16:40:00Z
2013,San Bernardino,2013-05-15T08:15:00Z,2013-05-13T13:30:00Z
2013,Napa,2013-05-01T17:15:00Z,2013-04-30T23:44:00Z
2013,San Bernardino,2013-09-12T08:45:00Z,2013-09-11T16:57:00Z
2013,Yuba,2013-07-08T17:30:00Z,2013-07-08T09:59:00Z
2013,Butte,2013-05-04T19:00:00Z,2013-05-01T04:16:00Z
2013,Lake,2013-08-18T18:30:00Z,2013-08-16T17:57:00Z
2013,Modoc,2013-09-05T21:00:00Z,2013-09-07T17:30:00Z
2013,Ventura,2013-11-15T16:00:00Z,2013-11-14T11:05:00Z
2013,Riverside,2013-08-08T09:00:00Z,2013-08-06T13:39:00Z
2013,Riverside,2013-08-04T18:00:00Z,2013-08-04T16:29:00Z
2013,Nevada,2013-08-31T21:30:00Z,2013-08-31T14:42:00Z
2013,San Luis Obispo,2013-11-09T17:00:00Z,2013-11-08T10:30:00Z
2013,Lake,2013-11-24T08:45:00Z,2013-11-23T12:04:00Z
2013,Siskiyou,2013-08-15T17:00:00Z,2013-08-15T14:40:00Z
2013,Santa Clara,2013-07-12T17:45:00Z,2013-07-12T13:09:00Z
2013,Alameda,2013-07-04T11:30:00Z,2013-07-04T10:00:00Z
2013,San Luis Obispo,2013-05-25T18:45:00Z,2013-05-25T17:35:00Z
2013,Calaveras,2013-08-19T07:10:00Z,2013-08-17T10:11:00Z
2013,Fresno,2013-06-19T08:45:00Z,2013-06-17T14:41:00Z
2013,Mendocino,2013-07-23T16:00:00Z,2013-07-23T13:29:00Z
2013,Ventura,2013-12-11T17:30:00Z,2013-12-10T02:26:00Z
2013,Shasta,2013-07-09T15:00:00Z,2013-07-09T11:59:00Z
2013,Riverside,2013-06-08T19:00:00Z,2013-06-08T15:37:00Z
2013,San Mateo,2013-09-07T20:00:00Z,2013-09-07T13:55:00Z
2013,Santa Clara,2013-12-31T16:00:00Z,2013-12-31T05:30:00Z
2013,Orange,2013-10-09T08:00:00Z,2013-10-06T10:52:00Z
2013,San Diego,2013-09-28T09:15:00Z,2013-09-26T17:29:00Z
2013,Riverside,2013-08-16T21:00:00Z,2013-08-16T13:31:00Z
2013,Siskiyou,2013-07-31T19:25:00Z,2013-07-31T15:25:00Z
2013,Riverside,2013-07-20T19:30:00Z,2013-07-19T16:21:00Z
2013,Riverside,2013-06-15T08:00:00Z,2013-06-14T13:47:00Z
2013,Riverside,2013-05-17T08:30:00Z,2013-05-16T13:48:00Z
2013,El Dorado,2013-08-24T11:45:00Z,2013-08-24T14:54:00Z
2013,Lake,2013-08-07T18:30:00Z,2013-08-07T12:35:00Z
2013,Alameda,2013-07-06T14:30:00Z,2013-07-06T13:09:00Z
2013,Fresno,2013-06-13T21:30:00Z,2013-06-13T15:54:00Z
2013,San Luis Obispo,2013-05-20T19:10:00Z,2013-05-20T15:45:00Z
2013,Shasta,2013-08-05T08:17:00Z,2013-08-04T18:00:00Z
2013,Shasta,2013-11-07T19:45:00Z,2013-11-07T16:10:00Z
2013,Calaveras,2013-07-23T15:10:00Z,2013-07-22T12:34:00Z
2013,Lake,2013-09-15T17:14:00Z,2013-09-15T19:45:00Z
2013,Lake,2013-06-06T07:00:00Z,2013-06-05T16:05:00Z
2013,San Bernardino,2013-04-22T09:00:00Z,2013-04-20T17:30:00Z
2013,Sonoma,2013-06-14T15:45:00Z,2013-06-10T00:46:00Z
2013,Solano,2013-06-14T15:45:00Z,2013-06-10T00:46:00Z
2013,Lake,2013-06-14T15:45:00Z,2013-06-10T00:46:00Z
2013,Colusa,2013-06-14T15:45:00Z,2013-06-10T00:46:00Z
2013,Shasta,2013-08-14T20:35:00Z,2013-08-14T15:37:00Z
2013,San Diego,2013-07-28T17:50:00Z,2013-07-28T09:43:00Z
2013,Lake,2013-06-20T13:15:00Z,2013-06-20T14:29:00Z
2013,Riverside,2013-05-20T18:50:00Z,2013-05-20T13:47:00Z
2013,Lake,2013-11-24T18:45:00Z,2013-11-23T14:17:00Z
2013,Mendocino,2013-12-30T20:30:00Z,2013-12-30T11:00:00Z
2013,Riverside,2013-07-19T19:30:00Z,2013-07-19T17:31:00Z
2013,Madera,2013-05-13T09:00:00Z,2013-05-12T13:02:00Z
2013,Humboldt,2013-08-03T15:00:00Z,2013-08-03T08:00:00Z
2013,Riverside,2013-06-09T16:45:00Z,2013-06-09T12:30:00Z
2014,El Dorado,2014-10-09T17:20:00Z,2014-09-13T16:32:00Z
2014,Siskiyou,2014-08-06T10:00:00Z,2014-08-02T09:00:00Z
2014,Shasta,2014-08-15T14:00:00Z,2014-07-30T20:15:00Z
2014,Siskiyou,2014-08-18T09:45:00Z,2014-07-30T23:00:00Z
2014,Siskiyou,2014-09-02T13:00:00Z,2014-07-30T00:00:00Z
2014,Shasta,2014-08-25T10:00:00Z,2014-07-31T18:04:00Z
2014,San Diego,2014-05-21T17:00:00Z,2014-05-15T14:45:00Z
2014,Madera,2014-07-28T14:30:00Z,2014-07-28T05:45:00Z
2014,Modoc,2014-08-13T07:00:00Z,2014-07-30T19:01:00Z
2014,Shasta,2014-07-26T20:00:00Z,2014-07-11T15:37:00Z
2014,Mendocino,2014-09-09T19:30:00Z,2014-07-30T06:27:00Z
2014,Yolo,2014-07-12T18:00:00Z,2014-07-04T21:32:00Z
2014,Shasta,2014-11-14T13:00:00Z,2014-07-30T20:30:00Z
2014,Siskiyou,2014-08-18T10:00:00Z,2014-07-31T17:45:00Z
2014,San Diego,2014-05-19T09:20:00Z,2014-05-14T09:45:00Z
2014,Monterey,2014-06-21T19:00:00Z,2014-06-19T15:14:00Z
2014,Mariposa,2014-12-12T13:45:00Z,2014-08-16T00:00:00Z
2014,Mariposa,2014-08-10T08:15:00Z,2014-07-26T17:00:00Z
2014,Napa,2014-07-09T18:00:00Z,2014-07-01T12:08:00Z
2014,Lake,2014-07-09T18:00:00Z,2014-07-01T12:08:00Z
2014,Amador,2014-08-02T19:15:00Z,2014-07-25T16:34:00Z
2014,El Dorado,2014-08-02T19:15:00Z,2014-07-25T16:34:00Z
2014,Kern,2014-08-27T18:00:00Z,2014-08-18T14:30:00Z
2014,Kern,2014-06-20T08:30:00Z,2014-06-13T17:00:00Z
2014,San Bernardino,2014-05-05T17:30:00Z,2014-04-30T08:00:00Z
2014,San Diego,2014-05-22T18:15:00Z,2014-05-14T16:00:00Z
2014,Los Angeles,2014-01-27T10:00:00Z,2014-01-16T05:50:00Z
2014,Kern,2014-07-21T14:45:00Z,2014-07-11T13:46:00Z
2014,Modoc,2014-07-03T10:30:00Z,2014-07-01T19:00:00Z
2014,San Diego,2014-05-17T20:14:00Z,2014-05-13T11:00:00Z
2014,Modoc,2014-07-07T07:00:00Z,2014-07-03T15:46:00Z
2014,San Diego,2014-05-20T23:30:00Z,2014-05-16T11:24:00Z
2014,Shasta,2014-09-16T09:30:00Z,2014-09-10T00:30:00Z
2014,Mariposa,2014-08-20T19:00:00Z,2014-07-17T01:00:00Z
2014,Orange,2014-09-22T15:00:00Z,2014-09-12T10:30:00Z
2014,Tehama,2014-01-10T18:30:00Z,2014-01-02T20:00:00Z
2014,Mariposa,2014-06-02T18:30:00Z,2014-05-26T15:33:00Z
2014,Santa Barbara,2014-05-19T09:20:00Z,2014-05-13T14:00:00Z
2014,Madera,2014-08-25T08:25:00Z,2014-08-18T13:50:00Z
2014,San Diego,2014-05-17T00:00:00Z,2014-05-14T10:30:00Z
2014,Trinity,2014-08-28T19:00:00Z,2014-08-24T16:36:00Z
2014,Siskiyou,2014-10-11T18:50:00Z,2014-09-15T13:38:00Z
2014,Tuolumne,2014-06-05T20:00:00Z,2014-06-04T11:45:00Z
2014,Placer,2014-10-15T07:50:00Z,2014-10-08T13:33:00Z
2014,Mendocino,2014-09-17T16:10:00Z,2014-09-13T15:48:00Z
2014,Monterey,2014-03-21T18:00:00Z,2014-03-19T16:45:00Z
2014,Butte,2014-08-01T17:30:00Z,2014-07-28T13:11:00Z
2014,San Diego,2014-05-15T18:30:00Z,2014-05-14T13:00:00Z
2014,Riverside,2014-03-16T08:30:00Z,2014-03-15T16:37:00Z
2014,Humboldt,2014-01-08T19:15:00Z,2014-01-04T12:00:00Z
2014,Madera,2014-09-22T07:15:00Z,2014-09-14T13:36:00Z
2014,Mariposa,2014-10-12T18:00:00Z,2014-10-07T15:05:00Z
2014,Mariposa,2014-09-12T09:00:00Z,2014-09-05T12:39:00Z
2014,Merced,2014-07-25T09:15:00Z,2014-07-24T12:06:00Z
2014,Los Angeles,2014-12-12T13:30:00Z,2014-08-17T14:30:00Z
2014,Tuolumne,2014-06-06T09:30:00Z,2014-06-05T13:04:00Z
2014,Nevada,2014-09-18T18:45:00Z,2014-09-13T14:07:00Z
2014,Tehama,2014-06-13T13:50:00Z,2014-06-13T12:23:00Z
2014,San Diego,2014-07-06T09:15:00Z,2014-07-03T10:43:00Z
2014,Humboldt,2014-09-15T11:00:00Z,2014-09-12T15:00:00Z
2014,Los Angeles,2014-12-12T14:00:00Z,2014-08-14T12:48:00Z
2014,Lake,2014-05-26T08:45:00Z,2014-05-25T12:20:00Z
2014,Shasta,2014-07-10T07:30:00Z,2014-07-09T13:45:00Z
2014,Mariposa,2014-06-13T18:30:00Z,2014-06-10T15:11:00Z
2014,Santa Clara,2014-07-01T08:30:00Z,2014-06-30T14:10:00Z
2014,San Diego,2014-03-11T11:00:00Z,2014-03-08T12:30:00Z
2014,Calaveras,2014-06-21T19:00:00Z,2014-06-20T15:27:00Z
2014,Placer,2014-01-22T16:35:00Z,2014-01-22T13:10:00Z
2014,Inyo,2014-04-21T19:15:00Z,2014-04-19T15:54:00Z
2014,Fresno,2014-01-26T18:00:00Z,2014-01-25T06:37:00Z
2014,San Diego,2014-05-19T09:20:00Z,2014-05-14T12:12:00Z
2014,Modoc,2014-08-13T06:15:00Z,2014-08-12T15:00:00Z
2014,Lake,2014-09-05T18:30:00Z,2014-09-03T16:03:00Z
2014,Riverside,2014-09-01T22:00:00Z,2014-09-01T14:03:00Z
2014,El Dorado,2014-09-17T18:45:00Z,2014-09-14T09:15:00Z
2014,Mariposa,2014-06-08T19:45:00Z,2014-06-06T17:29:00Z
2014,Calaveras,2014-06-24T19:00:00Z,2014-06-22T12:37:00Z
2014,Nevada,2014-08-19T16:45:00Z,2014-08-18T10:00:00Z
2014,Santa Clara,2014-08-31T08:15:00Z,2014-08-28T15:10:00Z
2014,Contra Costa,2014-07-12T18:00:00Z,2014-07-11T21:57:00Z
2014,Mariposa,2014-09-09T19:45:00Z,2014-09-07T16:46:00Z
2014,Riverside,2014-07-24T09:00:00Z,2014-07-23T10:47:00Z
2014,Shasta,2014-07-08T18:30:00Z,2014-07-05T18:44:00Z
2014,Monterey,2014-05-01T19:00:00Z,2014-04-30T14:25:00Z
2014,Butte,2014-07-16T08:00:00Z,2014-07-14T18:00:00Z
2014,Tuolumne,2014-09-05T09:15:00Z,2014-09-04T11:51:00Z
2014,Kern,2014-07-06T08:30:00Z,2014-07-01T18:15:00Z
2014,Solano,2014-06-13T08:00:00Z,2014-06-12T14:29:00Z
2014,Inyo,2014-09-21T09:00:00Z,2014-09-16T19:07:00Z
2014,Mendocino,2014-09-22T16:30:00Z,2014-09-21T16:13:00Z
2014,Butte,2014-01-02T07:30:00Z,2014-01-01T10:46:00Z
2014,Riverside,2014-03-29T17:15:00Z,2014-03-28T14:31:00Z
2014,San Diego,2014-05-20T11:30:00Z,2014-05-14T17:43:00Z
2014,Shasta,2014-05-15T11:30:00Z,2014-05-14T14:00:00Z
2014,San Bernardino,2014-10-17T18:15:00Z,2014-10-16T14:34:00Z
2014,San Luis Obispo,2014-07-08T18:30:00Z,2014-07-07T16:12:00Z
2014,Fresno,2014-06-11T07:30:00Z,2014-06-09T15:15:00Z
2014,Nevada,2014-07-08T06:56:00Z,2014-07-07T16:35:00Z
2014,Humboldt,2014-08-02T08:00:00Z,2014-08-01T15:47:00Z
2014,Stanislaus,2014-05-29T08:45:00Z,2014-05-27T11:23:00Z
2014,Riverside,2014-06-07T19:00:00Z,2014-06-06T17:32:00Z
2014,Siskiyou,2014-08-02T11:00:00Z,2014-07-29T13:00:00Z
2014,El Dorado,2014-07-09T16:45:00Z,2014-07-09T14:34:00Z
2014,San Diego,2014-05-06T10:20:00Z,2014-05-05T16:36:00Z
2014,Napa,2014-09-15T14:20:00Z,2014-09-11T15:14:00Z
2014,Ventura,2014-09-30T15:00:00Z,2014-09-29T19:35:00Z
2014,Shasta,2014-08-29T13:15:00Z,2014-08-29T12:21:00Z
2014,Fresno,2014-06-09T19:15:00Z,2014-06-11T07:30:00Z
2014,El Dorado,2014-09-25T07:27:00Z,2014-09-25T18:00:00Z
2014,San Diego,2014-08-17T07:45:00Z,2014-08-16T16:22:00Z
2014,Humboldt,2014-01-04T18:30:00Z,2014-01-03T10:30:00Z
2014,Trinity,2014-07-03T10:45:00Z,2014-07-01T03:45:00Z
2014,Placer,2014-07-22T18:00:00Z,2014-07-21T14:49:00Z
2014,Riverside,2014-06-04T16:30:00Z,2014-06-04T15:18:00Z
2014,Madera,2014-12-12T13:45:00Z,2014-08-26T16:23:00Z
2014,Napa,2014-08-31T18:00:00Z,2014-08-24T03:20:00Z
2014,Siskiyou,2014-08-14T09:30:00Z,2014-08-11T22:00:00Z
2015,Fresno,2015-11-09T12:00:00Z,2015-07-31T19:00:00Z
2015,Trinity,2015-07-31T20:25:00Z,2015-07-30T22:30:00Z
2015,Lake,2015-08-14T18:15:00Z,2015-07-29T15:29:00Z
2015,Trinity,2015-08-24T10:00:00Z,2015-07-30T21:30:00Z
2015,San Bernardino,2015-08-01T22:15:00Z,2015-06-17T15:52:00Z
2015,Del Norte,2015-08-04T09:00:00Z,2015-07-31T21:00:00Z
2015,Trinity,2015-08-03T14:00:00Z,2015-07-30T16:00:00Z
2015,Lake,2015-08-25T06:45:00Z,2015-08-09T15:34:00Z
2015,Napa,2015-08-25T06:45:00Z,2015-08-09T15:34:00Z
2015,Lassen,2015-08-04T10:37:00Z,2015-08-03T14:15:00Z
2015,Del Norte,2015-11-09T12:00:00Z,2015-08-01T23:23:00Z
2015,Inyo,2015-02-12T07:35:00Z,2015-02-06T14:07:00Z
2015,Mono,2015-02-12T07:35:00Z,2015-02-06T14:07:00Z
2015,Tulare,2015-09-05T18:00:00Z,2015-07-19T08:00:00Z
2015,Madera,2015-08-13T10:30:00Z,2015-07-25T14:30:00Z
2015,Humboldt,2015-08-19T19:15:00Z,2015-07-30T16:02:00Z
2015,Modoc,2015-07-31T20:00:00Z,2015-07-30T17:45:00Z
2015,San Bernardino,2015-07-21T07:00:00Z,2015-07-17T14:33:00Z
2015,Mono,2015-08-23T17:45:00Z,2015-08-14T21:31:00Z
2015,Alameda,2015-08-22T18:30:00Z,2015-08-19T14:45:00Z
2015,San Luis Obispo,2015-08-28T18:15:00Z,2015-08-16T18:13:00Z
2015,Nevada,2015-08-12T19:15:00Z,2015-07-25T14:37:00Z
2015,San Diego,2015-08-18T19:00:00Z,2015-08-13T13:03:00Z
2015,San Luis Obispo,2015-06-24T18:30:00Z,2015-06-20T14:41:00Z
2015,Trinity,2015-06-29T09:00:00Z,2015-06-10T15:00:00Z
2015,Merced,2015-08-01T19:00:00Z,2015-07-31T21:37:00Z
2015,Merced,2015-07-21T07:15:00Z,2015-07-18T22:27:00Z
2015,Monterey,2015-09-27T18:15:00Z,2015-09-19T15:00:00Z
2015,Riverside,2015-04-24T07:30:00Z,2015-04-18T18:12:00Z
2015,Butte,2015-09-17T19:30:00Z,2015-09-11T14:15:00Z
2015,Madera,2015-06-25T18:45:00Z,2015-06-18T21:00:00Z
2015,Butte,2015-10-04T18:40:00Z,2015-10-03T21:15:00Z
2015,Lake,2015-09-08T19:28:00Z,2015-09-02T14:57:00Z
2015,San Benito,2015-10-16T18:00:00Z,2015-10-12T16:00:00Z
2015,Riverside,2015-08-15T17:30:00Z,2015-08-10T11:44:00Z
2015,Mono,2015-02-20T19:00:00Z,2015-02-06T16:52:00Z
2015,Madera,2015-06-19T08:15:00Z,2015-06-18T14:31:00Z
2015,Tulare,2015-07-26T10:30:00Z,2015-07-21T12:35:00Z
2015,Mariposa,2015-09-11T11:00:00Z,2015-09-07T21:23:00Z
2015,Los Angeles,2015-06-26T17:00:00Z,2015-06-24T13:22:00Z
2015,Butte,2015-08-03T17:00:00Z,2015-07-29T11:25:00Z
2015,Los Angeles,2015-08-20T08:10:00Z,2015-08-16T13:30:00Z
2015,Amador,2015-07-02T06:36:00Z,2015-07-02T01:58:00Z
2015,Los Angeles,2015-08-16T20:00:00Z,2015-08-16T15:30:00Z
2015,Alameda,2015-06-06T07:15:00Z,2015-06-05T20:22:00Z
2015,Ventura,2015-08-12T08:00:00Z,2015-08-02T13:15:00Z
2015,Merced,2015-05-11T12:15:00Z,2015-05-11T10:26:00Z
2015,Alameda,2015-05-28T10:30:00Z,2015-05-28T17:00:00Z
2015,Mendocino,2015-08-07T21:00:00Z,2015-07-30T14:00:00Z
2015,Santa Clara,2015-09-10T18:50:00Z,2015-09-09T15:58:00Z
2015,Lake,2015-08-27T15:15:00Z,2015-08-22T17:30:00Z
2015,Orange,2015-07-15T18:45:00Z,2015-07-13T10:47:00Z
2015,Shasta,2015-08-01T19:00:00Z,2015-07-29T17:55:00Z
2015,Santa Barbara,2015-06-29T17:05:00Z,2015-06-29T13:11:00Z
2015,Tuolumne,2015-08-04T18:00:00Z,2015-07-29T16:30:00Z
2015,Los Angeles,2015-08-04T08:15:00Z,2015-07-17T21:30:00Z
2015,Siskiyou,2015-03-02T09:00:00Z,2015-02-24T12:15:00Z
2015,Contra Costa,2015-07-30T16:00:00Z,2015-07-30T11:18:00Z
2015,Ventura,2015-08-16T12:00:00Z,2015-08-14T15:22:00Z
2015,Siskiyou,2015-07-14T08:30:00Z,2015-07-13T17:56:00Z
2015,San Diego,2015-06-19T17:45:00Z,2015-06-17T17:03:00Z
2015,Fresno,2015-09-11T19:17:00Z,2015-09-09T14:30:00Z
2015,Tehama,2015-07-04T20:15:00Z,2015-07-04T16:33:00Z
2015,Kern,2015-08-21T18:45:00Z,2015-08-20T15:57:00Z
2015,San Diego,2015-07-26T06:45:00Z,2015-07-24T16:18:00Z
2015,Ventura,2015-06-25T07:00:00Z,2015-06-22T07:00:00Z
2015,Humboldt,2015-08-01T21:45:00Z,2015-07-24T23:00:00Z
2015,Yuba,2015-06-22T11:45:00Z,2015-06-18T13:07:00Z
2015,Solano,2015-07-08T20:45:00Z,2015-07-06T10:47:00Z
2015,Riverside,2015-07-04T13:00:00Z,2015-07-01T20:38:00Z
2015,Humboldt,2015-08-29T07:00:00Z,2015-08-18T18:30:00Z
2015,Plumas,2015-04-18T23:50:00Z,2015-04-13T05:30:00Z
2015,Madera,2015-06-23T18:25:00Z,2015-06-21T12:08:00Z
2015,Trinity,2015-08-29T18:45:00Z,2015-08-25T14:08:00Z
2015,San Joaquin,2015-06-18T21:15:00Z,2015-06-18T14:09:00Z
2015,Modoc,2015-07-26T10:10:00Z,2015-07-23T16:40:00Z
2015,Calaveras,2015-08-18T07:15:00Z,2015-08-13T16:15:00Z
2015,Tuolumne,2015-08-16T19:20:00Z,2015-08-15T16:11:00Z
2015,Lassen,2015-07-03T18:00:00Z,2015-06-30T18:00:00Z
2015,Sacramento,2015-09-03T14:30:00Z,2015-09-03T12:12:00Z
2015,Tehama,2015-08-09T20:30:00Z,2015-08-08T14:55:00Z
2015,Placer,2015-06-08T11:45:00Z,2015-06-08T10:33:00Z
2015,Shasta,2015-09-13T10:15:00Z,2015-09-11T15:08:00Z
2015,Tuolumne,2015-09-15T19:15:00Z,2015-09-08T13:23:00Z
2015,Butte,2015-10-02T17:50:00Z,2015-10-02T14:38:00Z
2015,San Bernardino,2015-06-29T09:00:00Z,2015-06-25T18:30:00Z
2015,Monterey,2015-09-21T18:20:00Z,2015-09-19T15:25:00Z
2015,San Luis Obispo,2015-07-15T07:00:00Z,2015-07-10T12:41:00Z
2015,Shasta,2015-07-31T18:30:00Z,2015-07-30T12:57:00Z
2015,Tulare,2015-08-05T17:45:00Z,2015-07-30T12:40:00Z
2015,San Diego,2015-06-26T22:15:00Z,2015-06-26T16:06:00Z
2015,Riverside,2015-06-05T16:32:00Z,2015-06-01T10:16:00Z
2015,Modoc,2015-07-25T22:00:00Z,2015-07-23T17:30:00Z
2015,Shasta,2015-08-04T18:00:00Z,2015-08-02T03:00:00Z
2015,Shasta,2015-07-31T18:40:00Z,2015-07-29T16:30:00Z
2015,El Dorado,2015-07-29T14:15:00Z,2015-07-23T14:00:00Z
2015,Butte,2015-07-01T20:20:00Z,2015-07-01T13:05:00Z
2015,Butte,2015-09-03T19:35:00Z,2015-09-02T13:18:00Z
2015,Siskiyou,2015-08-22T18:00:00Z,2015-08-20T16:00:00Z
2015,Kern,2015-06-15T18:45:00Z,2015-06-15T15:46:00Z
2015,San Bernardino,2015-08-05T09:00:00Z,2015-08-01T13:04:00Z
2015,Fresno,2015-07-22T10:00:00Z,2015-07-18T16:31:00Z
2015,Lassen,2015-06-20T19:35:00Z,2015-06-19T16:15:00Z
2015,Riverside,2015-06-21T07:25:00Z,2015-06-18T14:16:00Z
2015,Mariposa,2015-06-19T20:05:00Z,2015-06-18T12:03:00Z
2015,Amador,2015-06-17T06:45:00Z,2015-06-16T16:42:00Z
2015,Shasta,2015-08-04T08:15:00Z,2015-08-03T14:28:00Z
2015,Siskiyou,2015-10-10T18:45:00Z,2015-10-10T12:00:00Z
2015,San Bernardino,2015-09-11T15:00:00Z,2015-08-23T12:25:00Z
2015,San Diego,2015-08-10T15:05:00Z,2015-08-09T08:22:00Z
2015,Tehama,2015-06-17T18:30:00Z,2015-06-17T12:50:00Z
2015,San Bernardino,2015-07-21T07:20:00Z,2015-07-12T14:46:00Z
2015,Alameda,2015-06-25T18:45:00Z,2015-06-25T16:10:00Z
2015,Santa Barbara,1969-12-31T16:00:00Z,2015-08-01T14:32:00Z
2015,Ventura,2015-11-07T16:45:00Z,2015-11-07T01:45:00Z
2015,Mendocino,2015-08-03T08:55:00Z,2015-07-30T13:36:00Z
2015,Kern,2015-09-15T19:10:00Z,2015-09-09T11:45:00Z
2015,Alameda,2015-07-03T20:00:00Z,2015-07-02T04:40:00Z
2015,Fresno,2015-06-06T20:00:00Z,2015-06-05T17:00:00Z
2015,Modoc,2015-07-13T11:00:00Z,2015-07-09T15:00:00Z
2015,Santa Clara,2015-07-03T17:55:00Z,2015-06-30T15:23:00Z
2015,Lassen,2015-09-10T07:49:00Z,2015-09-09T14:12:00Z
2015,Stanislaus,2015-07-28T15:00:00Z,2015-07-28T12:10:00Z
2015,Solano,2015-07-10T17:00:00Z,2015-07-10T13:36:00Z
2015,Napa,2015-06-17T13:10:00Z,2015-06-16T14:27:00Z
2015,Napa,2015-06-10T09:45:00Z,2015-06-09T15:23:00Z
2015,Trinity,2015-09-10T17:05:00Z,2015-09-08T15:56:00Z
2015,El Dorado,2015-07-05T11:30:00Z,2015-07-03T09:28:00Z
2015,Mendocino,2015-06-29T07:15:00Z,2015-06-28T13:30:00Z
2015,Nevada,2015-09-21T14:36:00Z,2015-09-22T07:00:00Z
2015,Lassen,2015-08-30T08:00:00Z,2015-08-29T16:06:00Z
2015,Yuba,2015-08-05T07:30:00Z,2015-08-03T18:07:00Z
2015,Ventura,2015-11-12T18:00:00Z,2015-11-11T17:40:00Z
2015,Placer,2015-07-22T19:50:00Z,2015-07-22T18:17:00Z
2015,San Diego,2015-07-25T16:05:00Z,2015-07-24T12:43:00Z
2015,San Benito,2015-07-20T15:30:00Z,2015-07-20T13:23:00Z
2015,San Diego,2015-07-17T15:15:00Z,2015-07-16T11:30:00Z
2015,El Dorado,2015-07-05T11:30:00Z,2015-07-02T17:10:00Z
2015,Mariposa,2015-06-09T09:00:00Z,2015-06-07T12:06:00Z
2015,Lake,2015-06-06T06:45:00Z,2015-06-05T19:57:00Z
2015,Riverside,2015-06-05T19:00:00Z,2015-06-05T13:32:00Z
2015,Siskiyou,2015-07-22T17:00:00Z,2015-07-21T17:00:00Z
2015,Mendocino,2015-07-05T09:00:00Z,2015-07-04T15:30:00Z
2015,Lake,2015-08-25T18:30:00Z,2015-08-24T12:12:00Z
2015,Santa Barbara,2015-11-09T12:00:00Z,2015-10-29T05:30:00Z
2015,Riverside,2015-07-12T19:48:00Z,2015-07-12T13:52:00Z
2015,Humboldt,2015-06-11T18:15:00Z,2015-06-10T07:42:00Z
2015,Napa,2015-06-28T18:00:00Z,2015-06-27T12:51:00Z
2015,Shasta,2015-07-08T16:30:00Z,2015-07-07T12:34:00Z
2015,Humboldt,2015-07-31T19:00:00Z,2015-07-28T17:19:00Z
2015,Trinity,2015-08-01T15:25:00Z,2015-07-30T16:00:00Z
2015,Alpine,2015-06-22T12:05:00Z,2015-06-19T19:00:00Z
2016,Monterey,2016-10-13T11:30:00Z,2016-07-22T08:48:00Z
2016,Kern,2016-07-11T09:40:00Z,2016-06-23T15:51:00Z
2016,San Luis Obispo,2016-09-06T07:30:00Z,2016-08-13T16:03:00Z
2016,San Bernardino,2016-08-23T07:45:00Z,2016-08-16T10:44:00Z
2016,Siskiyou,2016-08-28T18:15:00Z,2016-08-27T18:00:00Z
2016,Santa Barbara,2016-09-15T15:20:00Z,2016-08-18T17:57:00Z
2016,Kern,2016-10-01T06:00:00Z,2016-08-16T16:35:00Z
2016,Santa Barbara,2016-09-27T14:00:00Z,2016-09-17T17:20:00Z
2016,San Bernardino,2016-08-16T08:00:00Z,2016-08-07T12:18:00Z
2016,San Diego,2016-06-30T18:30:00Z,2016-06-19T11:03:00Z
2016,Santa Barbara,2016-07-12T14:30:00Z,2016-06-15T15:21:00Z
2016,Fresno,2016-08-18T19:00:00Z,2016-08-09T13:08:00Z
2016,Yolo,2016-08-12T15:00:00Z,2016-08-02T16:36:00Z
2016,El Dorado,2016-07-18T09:50:00Z,2016-06-28T13:55:00Z
2016,Placer,2016-07-18T09:50:00Z,2016-06-28T13:55:00Z
2016,Inyo,2016-09-18T08:10:00Z,2016-09-17T13:49:00Z
2016,Los Angeles,2018-04-23T15:07:00Z,2016-06-20T13:59:00Z
2016,Los Angeles,2016-11-14T14:00:00Z,2016-11-14T05:45:00Z
2016,Santa Clara,2017-09-19T10:30:00Z,2016-09-26T14:42:00Z
2016,Tulare,2016-12-19T13:30:00Z,2016-10-29T11:15:00Z
2016,Lake,2016-08-26T18:00:00Z,2016-08-13T18:03:00Z
2016,Monterey,2016-05-25T18:15:00Z,2016-05-22T15:27:00Z
2016,San Luis Obispo,2016-05-20T18:00:00Z,2016-05-18T14:27:00Z
2016,Fresno,2016-07-05T07:05:00Z,2016-07-01T17:16:00Z
2016,Siskiyou,2016-11-08T10:15:00Z,2016-06-07T02:45:00Z
2016,Mono,2016-08-07T19:14:00Z,2016-08-04T14:09:00Z
2016,Modoc,2016-10-13T11:30:00Z,2016-09-17T14:37:00Z
2016,Lassen,2016-09-22T07:00:00Z,2016-09-11T11:33:00Z
2016,Monterey,2016-06-20T08:30:00Z,2016-06-04T14:33:00Z
2016,Ventura,2016-06-30T16:55:00Z,2016-06-30T16:55:00Z
2016,Fresno,2016-08-09T18:30:00Z,2016-07-30T16:40:00Z
2016,Fresno,2016-10-20T07:00:00Z,2016-10-11T12:58:00Z
2016,Kern,2016-07-08T19:00:00Z,2016-07-01T14:05:00Z
2016,Sonoma,2016-09-29T17:00:00Z,2016-09-25T10:43:00Z
2016,Riverside,2016-09-02T18:10:00Z,2016-08-30T12:25:00Z
2016,Merced,2016-06-26T18:50:00Z,2016-06-25T23:45:00Z
2016,San Diego,2016-07-30T14:15:00Z,2016-07-21T16:06:00Z
2016,Los Angeles,2016-07-16T12:00:00Z,2016-07-09T12:04:00Z
2016,Tuolumne,2016-10-04T22:00:00Z,2016-09-26T12:20:00Z
2016,Butte,2016-09-12T14:51:00Z,2016-09-05T16:28:00Z
2016,Siskiyou,2016-08-30T06:45:00Z,2016-08-24T14:55:00Z
2016,Mono,2016-07-09T08:30:00Z,2016-06-25T06:30:00Z
2016,Humboldt,2016-09-04T06:55:00Z,2016-08-22T16:03:00Z
2016,Kern,2016-07-10T19:37:00Z,2016-07-08T11:15:00Z
2016,Butte,2016-08-03T08:00:00Z,2016-08-02T14:35:00Z
2016,Kern,2016-08-29T10:30:00Z,2016-08-26T10:10:00Z
2016,Tehama,2016-07-04T07:45:00Z,2016-06-30T13:32:00Z
2016,Calaveras,2016-08-31T18:50:00Z,2016-08-28T13:07:00Z
2016,Shasta,2016-07-12T07:00:00Z,2016-07-08T22:45:00Z
2016,Yuba,2016-08-18T21:30:00Z,2016-08-18T15:35:00Z
2016,Tulare,2016-11-08T10:15:00Z,2016-08-22T22:00:00Z
2016,Modoc,2016-09-14T18:00:00Z,2016-09-11T14:15:00Z
2016,Amador,2016-06-29T07:30:00Z,2016-06-28T19:02:00Z
2016,Tehama,2016-09-13T14:30:00Z,2016-09-13T23:10:00Z
2016,Calaveras,2016-07-16T18:30:00Z,2016-07-12T13:14:00Z
2016,Calaveras,2016-07-08T19:32:00Z,2016-07-02T14:55:00Z
2016,Kern,2016-09-21T09:30:00Z,2016-09-19T14:13:00Z
2016,Kern,2016-08-28T18:50:00Z,2016-08-28T18:50:00Z
2016,Sutter,2016-09-20T18:00:00Z,2016-09-20T09:30:00Z
2016,Fresno,2016-05-25T08:00:00Z,2016-05-25T01:03:00Z
2016,Yolo,2016-06-27T06:15:00Z,2016-06-26T15:45:00Z
2016,Plumas,2016-10-06T17:15:00Z,2016-09-26T13:23:00Z
2016,San Benito,2016-06-20T06:00:00Z,2016-06-17T14:30:00Z
2016,Kern,2016-07-14T12:00:00Z,2016-07-13T17:08:00Z
2016,Santa Barbara,2016-09-27T14:00:00Z,2016-09-22T14:20:00Z
2016,Lake,2016-06-28T20:00:00Z,2016-06-26T16:00:00Z
2016,Alameda,2016-06-26T07:00:00Z,2016-06-25T16:11:00Z
2016,Amador,2016-06-21T18:30:00Z,2016-06-17T14:54:00Z
2016,Fresno,2016-07-13T17:30:00Z,2016-07-11T14:30:00Z
2016,El Dorado,2016-10-17T11:45:00Z,2016-10-14T01:28:00Z
2016,Riverside,2016-07-15T08:00:00Z,2016-07-12T15:20:00Z
2016,Placer,2016-05-19T18:00:00Z,2016-05-17T15:06:00Z
2016,Fresno,2016-09-06T18:15:00Z,2016-09-03T14:44:00Z
2016,Los Angeles,2016-05-25T18:45:00Z,2016-05-23T14:15:00Z
2016,Fresno,2016-04-29T17:15:00Z,2016-04-28T17:45:00Z
2016,Del Norte,2016-09-17T18:00:00Z,2016-09-13T13:55:00Z
2016,Orange,2016-09-05T06:55:00Z,2016-08-31T04:10:00Z
2016,San Luis Obispo,2016-05-10T18:45:00Z,2016-05-10T16:11:00Z
2016,San Joaquin,2016-08-20T18:45:00Z,2016-08-20T08:35:00Z
2016,Fresno,2016-07-07T19:00:00Z,2016-07-04T17:15:00Z
2016,Stanislaus,2016-08-04T20:00:00Z,2016-08-04T15:45:00Z
2016,Riverside,2016-06-07T18:15:00Z,2016-06-04T11:40:00Z
2016,Kern,2016-07-16T07:40:00Z,2016-07-15T23:55:00Z
2016,Fresno,2016-05-17T19:10:00Z,2016-05-15T16:38:00Z
2016,Butte,2016-09-23T10:30:00Z,2016-09-22T11:45:00Z
2016,Fresno,2016-07-16T18:00:00Z,2016-07-15T16:45:00Z
2016,Mono,2016-08-07T19:33:00Z,2016-08-05T15:45:00Z
2016,Stanislaus,2016-06-09T17:10:00Z,2016-06-07T16:30:00Z
2016,Santa Clara,2016-07-31T18:30:00Z,2016-07-30T17:25:00Z
2016,Butte,2016-06-20T19:50:00Z,2016-06-20T16:38:00Z
2016,Madera,2016-07-06T20:00:00Z,2016-07-04T11:53:00Z
2016,Shasta,2016-09-25T13:15:00Z,2016-09-25T07:15:00Z
2016,Santa Clara,2016-08-18T19:50:00Z,2016-08-17T15:19:00Z
2016,Kern,2016-08-07T20:15:00Z,2016-08-04T17:10:00Z
2016,Stanislaus,2016-08-04T07:45:00Z,2016-08-03T16:08:00Z
2016,Monterey,2016-07-23T08:45:00Z,2016-07-22T15:15:00Z
2016,San Diego,2016-07-20T13:45:00Z,2016-07-18T13:08:00Z
2016,San Benito,2016-07-10T19:30:00Z,2016-07-09T12:43:00Z
2016,Butte,2016-05-27T17:00:00Z,2016-05-27T13:43:00Z
2016,Butte,2016-08-30T18:40:00Z,2016-08-26T15:30:00Z
2016,Tehama,2016-07-01T17:45:00Z,2016-07-01T13:54:00Z
2016,Placer,2016-06-21T15:45:00Z,2016-06-21T12:24:00Z
2016,Sacramento,2016-07-11T06:35:00Z,2016-07-10T15:30:00Z
2016,San Luis Obispo,2016-06-29T17:00:00Z,2016-06-27T12:07:00Z
2016,Madera,2016-08-06T19:50:00Z,2016-08-04T14:13:00Z
2016,Tuolumne,2016-06-01T19:45:00Z,2016-05-30T15:10:00Z
2016,Yolo,2016-07-15T15:40:00Z,2016-07-15T14:00:00Z
2016,Calaveras,2016-06-16T10:00:00Z,2016-06-15T12:46:00Z
2016,San Benito,2016-06-12T15:45:00Z,2016-06-12T12:45:00Z
2016,Tehama,2016-08-04T07:50:00Z,2016-08-03T17:27:00Z
2016,Madera,2016-07-25T19:20:00Z,2016-07-21T12:53:00Z
2016,Tehama,2016-06-11T16:15:00Z,2016-06-11T14:30:00Z
2016,Ventura,2016-07-15T14:00:00Z,2016-07-13T15:52:00Z
2016,Shasta,2016-09-12T19:00:00Z,2016-09-10T15:45:00Z
2016,Fresno,2016-09-24T20:00:00Z,2016-09-23T12:40:00Z
2016,Monterey,2016-06-20T18:15:00Z,2016-06-18T16:47:00Z
2016,San Diego,2016-06-07T06:45:00Z,2016-05-31T13:48:00Z
2016,Lake,2016-07-22T18:15:00Z,2016-07-19T17:16:00Z
2016,Napa,2016-10-12T18:00:00Z,2016-10-10T16:13:00Z
2016,Kern,2016-06-12T12:30:00Z,2016-06-11T15:04:00Z
2016,Solano,2016-07-22T16:07:00Z,2016-07-22T13:01:00Z
2016,Calaveras,2016-07-22T19:00:00Z,2016-07-21T15:06:00Z
2016,Siskiyou,2016-05-21T19:00:00Z,2016-05-19T15:37:00Z
2016,Monterey,2016-06-24T18:20:00Z,2016-06-23T17:57:00Z
2016,Mendocino,2016-09-15T09:10:00Z,2016-09-10T14:06:00Z
2016,San Bernardino,2016-09-09T06:00:00Z,2016-09-07T16:53:00Z
2016,El Dorado,2016-07-23T18:00:00Z,2016-07-22T13:15:00Z
2016,Ventura,2016-04-30T07:00:00Z,2016-04-28T19:00:00Z
2016,Butte,2016-06-21T16:30:00Z,2016-06-21T15:09:00Z
2016,Nevada,2016-09-20T18:00:00Z,2016-09-17T13:40:00Z
2016,Orange,2016-06-29T18:30:00Z,2016-06-26T13:10:00Z
2016,Amador,2016-09-25T17:45:00Z,2016-09-23T13:12:00Z
2016,Lake,2016-08-10T17:00:00Z,2016-08-09T17:30:00Z
2016,Ventura,2016-07-01T19:50:00Z,2016-07-01T14:00:00Z
2016,Tehama,2016-06-21T13:00:00Z,2016-06-21T10:26:00Z
2016,Kern,2016-06-04T17:00:00Z,2016-05-30T17:57:00Z
2016,Lassen,2016-08-01T19:40:00Z,2016-07-30T16:25:00Z
2016,Sacramento,2016-09-12T19:00:00Z,2016-09-11T11:25:00Z
2016,Riverside,2016-08-29T15:00:00Z,2016-08-28T15:23:00Z
2016,Contra Costa,2016-07-24T19:00:00Z,2016-07-24T16:30:00Z
2016,Nevada,1969-12-31T16:00:00Z,2016-09-07T15:09:00Z
2016,Madera,2016-07-31T18:55:00Z,2016-07-29T17:55:00Z
2016,Mendocino,2016-08-31T07:15:00Z,2016-08-30T13:35:00Z
2016,Lake,2016-08-10T17:00:00Z,2016-08-09T18:50:00Z
2016,San Diego,2016-08-11T18:30:00Z,2016-08-10T09:14:00Z
2016,Shasta,2016-08-10T17:00:00Z,2016-08-09T12:14:00Z
2016,Butte,2016-07-29T15:10:00Z,2016-07-28T14:27:00Z
2016,Calaveras,2016-07-13T19:00:00Z,2016-07-12T15:19:00Z
2016,Calaveras,2016-06-30T07:00:00Z,2016-06-27T18:00:00Z
2016,Siskiyou,2016-09-13T18:30:00Z,2016-09-12T16:28:00Z
2016,Tuolumne,2016-08-01T08:05:00Z,2016-07-30T17:25:00Z
2016,Sacramento,2016-06-03T19:55:00Z,2016-06-03T16:57:00Z
2016,Butte,2016-09-19T18:30:00Z,2016-09-16T23:28:00Z
2016,Inyo,2016-07-02T20:00:00Z,2016-07-01T12:56:00Z
2016,San Benito,2016-06-03T17:30:00Z,2016-06-03T17:39:00Z
2016,Butte,2016-05-29T19:53:00Z,2016-05-29T16:51:00Z
2016,Merced,2016-04-24T15:30:00Z,2016-04-24T11:10:00Z
2016,San Diego,2016-11-14T18:00:00Z,2016-11-13T11:14:00Z
2016,San Diego,2016-07-24T14:30:00Z,2016-07-22T14:47:00Z
2016,Amador,2016-08-06T10:06:00Z,2016-08-05T13:49:00Z
2016,Siskiyou,2016-07-20T09:00:00Z,2016-07-19T14:09:00Z
2016,Santa Clara,2016-09-02T06:55:00Z,2016-09-01T14:36:00Z
2016,Santa Clara,2016-08-14T19:50:00Z,2016-08-12T16:00:00Z
2016,El Dorado,2016-08-07T19:18:00Z,2016-08-06T15:00:00Z
2016,Lake,2016-07-31T18:50:00Z,2016-07-29T14:55:00Z
2016,El Dorado,2016-06-04T15:30:00Z,2016-06-03T12:41:00Z
2016,Monterey,2016-05-12T20:45:00Z,2016-05-12T14:13:00Z
2016,Shasta,2016-06-12T15:00:00Z,2016-06-11T16:02:00Z
2016,Humboldt,2016-08-16T08:45:00Z,2016-08-11T14:57:00Z
2016,Siskiyou,2016-07-22T12:00:00Z,2016-07-21T20:30:00Z
2016,Humboldt,2016-08-19T08:30:00Z,2016-08-12T17:23:00Z
2016,San Bernardino,2016-09-04T18:55:00Z,2016-09-03T21:51:00Z
2016,Lake,2016-08-31T07:05:00Z,2016-08-30T16:54:00Z
2016,Ventura,2016-05-13T22:30:00Z,2016-05-12T14:13:00Z
2016,Amador,2016-08-31T07:05:00Z,2016-08-30T16:52:00Z
2016,Ventura,2016-07-12T10:30:00Z,2016-07-11T12:58:00Z
2016,Tehama,2016-07-26T19:25:00Z,2016-07-25T16:55:00Z
2016,Shasta,2016-05-25T20:00:00Z,2016-05-25T16:51:00Z
2016,Tulare,2016-12-19T13:30:00Z,2016-10-20T17:00:00Z
2016,Alpine,2016-08-30T12:05:00Z,2016-08-18T12:05:00Z
2016,Los Angeles,2016-08-09T17:15:00Z,2016-07-22T14:11:00Z
2016,San Luis Obispo,2016-06-19T08:30:00Z,2016-06-04T17:46:00Z
2016,Los Angeles,2016-06-13T12:30:00Z,2016-06-04T16:09:00Z
2016,Tulare,2016-06-19T18:00:00Z,2016-06-01T15:35:00Z
2016,Los Angeles,2016-04-19T15:30:00Z,2016-04-19T13:09:00Z
2017,Santa Barbara,2019-03-14T11:24:00Z,2017-12-04T18:28:00Z
2017,Ventura,2019-03-14T11:24:00Z,2017-12-04T18:28:00Z
2017,Lassen,2018-01-09T11:52:00Z,2017-07-11T14:15:00Z
2017,Modoc,2018-01-09T12:05:00Z,2017-07-24T12:00:00Z
2017,Mariposa,2018-01-09T11:57:00Z,2017-07-16T15:56:00Z
2017,Siskiyou,2018-01-09T12:43:00Z,2017-08-15T07:55:00Z
2017,Napa,2018-02-09T09:30:00Z,2017-10-08T22:00:00Z
2017,Sonoma,2018-02-09T09:30:00Z,2017-10-08T22:00:00Z
2017,Napa,2018-02-09T09:37:00Z,2017-10-08T21:52:00Z
2017,Solano,2018-02-09T09:37:00Z,2017-10-08T21:52:00Z
2017,Kings,2018-01-09T11:51:00Z,2017-07-09T15:10:00Z
2017,Siskiyou,2018-01-09T12:42:00Z,2017-08-14T14:00:00Z
2017,Napa,2018-02-09T09:27:00Z,2017-10-08T21:45:00Z
2017,Sonoma,2018-02-09T09:27:00Z,2017-10-08T21:45:00Z
2017,Tulare,2018-01-09T12:47:00Z,2017-08-29T08:29:00Z
2017,Mendocino,2018-02-09T08:56:00Z,2017-10-08T23:36:00Z
2017,San Luis Obispo,2018-01-09T11:46:00Z,2017-07-06T15:44:00Z
2017,Siskiyou,2018-01-09T12:07:00Z,2017-07-26T18:00:00Z
2017,Trinity,2018-01-09T12:49:00Z,2017-08-30T18:00:00Z
2017,Tulare,2018-01-09T13:27:00Z,2017-09-27T14:00:00Z
2017,Lassen,2018-01-09T12:48:00Z,2017-08-30T08:30:00Z
2017,Santa Barbara,2018-01-09T11:49:00Z,2017-07-08T13:43:00Z
2017,Sonoma,2018-02-09T09:32:00Z,2017-10-09T03:30:00Z
2017,Tulare,2018-01-09T11:01:00Z,2017-06-24T16:16:00Z
2017,Los Angeles,2018-08-06T10:52:00Z,2017-12-05T03:44:00Z
2017,Trinity,2018-01-09T13:21:00Z,2017-09-12T17:42:00Z
2017,Madera,2018-01-09T12:46:00Z,2017-08-29T12:19:00Z
2017,Fresno,2018-01-09T10:04:00Z,2017-05-18T13:11:00Z
2017,Yuba,2018-02-09T09:39:00Z,2017-10-08T23:03:00Z
2017,Orange,2018-04-05T10:47:00Z,2017-10-09T09:51:00Z
2017,Mono,2018-01-09T12:47:00Z,2017-08-29T15:15:00Z
2017,Butte,2018-02-09T09:48:00Z,2017-10-08T21:45:00Z
2017,Mariposa,2018-01-09T12:16:00Z,2017-08-01T08:45:00Z
2017,Modoc,2018-01-09T12:18:00Z,2017-08-03T14:00:00Z
2017,Los Angeles,2018-01-09T12:49:00Z,2017-09-01T13:26:00Z
2017,Mariposa,2018-01-09T12:39:00Z,2017-08-14T14:28:00Z
2017,Riverside,2018-01-09T11:08:00Z,2017-06-26T15:10:00Z
2017,Butte,2018-02-09T09:50:00Z,2017-10-09T00:57:00Z
2017,Los Angeles,2018-01-18T09:58:00Z,2017-12-05T11:31:00Z
2017,Lassen,2018-01-09T12:47:00Z,2017-08-29T14:36:00Z
2017,Butte,2018-01-09T11:47:00Z,2017-07-07T14:52:00Z
2017,Fresno,2018-01-09T09:51:00Z,2017-04-20T15:40:00Z
2017,Stanislaus,2018-01-09T12:15:00Z,2017-07-31T13:44:00Z
2017,Trinity,2018-01-09T12:27:00Z,2017-08-07T22:30:00Z
2017,Plumas,2018-01-09T12:08:00Z,2017-07-29T18:55:00Z
2017,San Diego,2018-01-09T13:47:00Z,2017-12-07T11:15:00Z
2017,Butte,2018-08-30T15:27:00Z,2017-08-29T13:16:00Z
2017,Riverside,2018-01-09T12:50:00Z,2017-09-02T13:33:00Z
2017,Siskiyou,2018-01-09T12:26:00Z,2017-08-07T17:45:00Z
2017,Kern,2018-01-09T11:46:00Z,2017-07-07T09:18:00Z
2017,Orange,2018-03-28T11:36:00Z,2017-09-25T13:03:00Z
2017,Plumas,2018-01-09T13:18:00Z,2017-09-05T18:38:00Z
2017,Kings,2018-01-09T12:44:00Z,2017-08-24T18:13:00Z
2017,Tulare,2018-01-09T12:17:00Z,2017-08-02T18:00:00Z
2017,Tulare,2018-01-09T12:15:00Z,2017-07-30T17:43:00Z
2017,Yolo,2018-01-09T11:45:00Z,2017-07-06T12:41:00Z
2017,Lake,2018-02-09T09:29:00Z,2017-10-08T23:59:00Z
2017,San Diego,2018-01-09T10:06:00Z,2017-05-20T23:19:00Z
2017,Sonoma,2018-01-09T13:33:00Z,2017-10-09T01:00:00Z
2017,Monterey,2018-01-09T11:50:00Z,2017-07-08T18:30:00Z
2017,San Luis Obispo,2018-01-09T11:50:00Z,2017-07-08T18:30:00Z
2017,Merced,2018-01-09T09:56:00Z,2017-05-12T15:30:00Z
2017,Stanislaus,2018-01-09T12:50:00Z,2017-09-03T16:23:00Z
2017,Sonoma,2018-01-09T13:34:00Z,2017-10-09T14:00:00Z
2017,Fresno,2018-01-09T11:58:00Z,2017-07-17T13:15:00Z
2017,Kern,2018-01-09T11:45:00Z,2017-07-06T12:29:00Z
2017,San Luis Obispo,2018-01-09T11:08:00Z,2017-06-26T15:27:00Z
2017,Fresno,2018-01-09T11:41:00Z,2017-07-02T22:28:00Z
2017,Kern,2018-01-09T10:41:00Z,2017-06-18T14:22:00Z
2017,San Bernardino,2018-01-09T11:00:00Z,2017-06-19T15:05:00Z
2017,Madera,2018-01-09T10:30:00Z,2017-06-10T13:19:00Z
2017,Kern,2018-01-09T12:14:00Z,2017-07-30T16:17:00Z
2017,Riverside,2018-01-09T09:53:00Z,2017-04-30T15:23:00Z
2017,Kern,2018-01-09T12:50:00Z,2017-09-01T14:37:00Z
2017,Sacramento,2018-01-09T12:06:00Z,2017-07-26T14:45:00Z
2017,Kern,2018-01-09T11:16:00Z,2017-06-30T13:49:00Z
2017,San Diego,2018-01-09T13:41:00Z,2017-10-17T10:19:00Z
2017,Kern,2018-01-09T11:59:00Z,2017-07-18T11:45:00Z
2017,Riverside,2018-01-09T12:38:00Z,2017-08-13T16:10:00Z
2017,Madera,2018-01-09T13:18:00Z,2017-09-03T13:06:00Z
2017,Plumas,2018-01-09T12:20:00Z,2017-08-06T15:32:00Z
2017,San Diego,2018-01-09T10:17:00Z,2017-05-25T18:15:00Z
2017,Shasta,2018-01-09T13:21:00Z,2017-09-12T06:58:00Z
2017,Fresno,2018-01-09T09:52:00Z,2017-04-28T15:40:00Z
2017,Mendocino,2018-01-09T11:56:00Z,2017-07-16T14:51:00Z
2017,Yuba,2018-01-09T12:43:00Z,2017-08-20T14:44:00Z
2017,Riverside,2018-01-09T13:45:00Z,2017-10-26T12:34:00Z
2017,Lassen,2018-01-09T12:21:00Z,2017-08-06T19:52:00Z
2017,Nevada,2018-02-09T09:51:00Z,2017-10-09T00:01:00Z
2017,Los Angeles,2018-01-09T10:34:00Z,2017-06-17T13:55:00Z
2017,San Luis Obispo,2018-01-09T12:36:00Z,2017-08-11T16:06:00Z
2017,Los Angeles,2018-01-09T11:08:00Z,2017-06-25T12:47:00Z
2017,Sierra,2018-01-09T11:51:00Z,2017-07-10T13:02:00Z
2017,Tuolumne,2018-01-09T12:09:00Z,2017-07-29T13:50:00Z
2017,Mariposa,2018-01-09T12:51:00Z,2017-09-03T13:10:00Z
2017,San Bernardino,2018-01-09T11:09:00Z,2017-06-27T15:22:00Z
2017,Mariposa,2018-01-09T11:10:00Z,2017-06-28T15:49:00Z
2017,Modoc,2018-01-09T11:10:00Z,2017-06-28T13:50:00Z
2017,Riverside,2018-01-09T12:42:00Z,2017-08-14T15:45:00Z
2017,Lassen,2018-01-09T12:20:00Z,2017-08-06T15:29:00Z
2017,Kern,2018-01-09T10:07:00Z,2017-05-20T14:23:00Z
2017,San Diego,2018-01-09T10:06:00Z,2017-05-19T14:45:00Z
2017,Siskiyou,2018-01-09T11:44:00Z,2017-07-05T11:05:00Z
2017,San Luis Obispo,2018-01-09T12:17:00Z,2017-08-02T10:15:00Z
2017,San Bernardino,2018-04-12T14:52:00Z,2017-07-14T14:23:00Z
2017,Fresno,2018-01-09T10:30:00Z,2017-06-11T17:15:00Z
2017,Santa Barbara,2018-01-09T13:28:00Z,2017-09-29T14:42:00Z
2017,Madera,2018-01-09T13:21:00Z,2017-09-18T16:04:00Z
2017,El Dorado,2018-01-09T13:36:00Z,2017-10-13T13:16:00Z
2017,Los Angeles,2018-01-23T08:11:00Z,2017-12-06T06:31:00Z
2017,Tulare,2018-01-09T12:02:00Z,2017-07-20T19:16:00Z
2017,Modoc,2018-01-09T11:54:00Z,2017-07-13T15:23:00Z
2017,San Diego,2018-01-09T11:52:00Z,2017-07-11T13:45:00Z
2017,Fresno,2018-01-09T09:55:00Z,2017-05-10T15:27:00Z
2017,Nevada,2018-01-09T12:48:00Z,2017-08-30T15:38:00Z
2017,Santa Cruz,2018-01-09T13:41:00Z,2017-10-16T22:30:00Z
2017,Modoc,2018-01-09T09:40:00Z,2017-04-03T16:00:00Z
2017,Mono,2018-01-09T13:46:00Z,2017-11-13T11:28:00Z
2017,Contra Costa,2018-01-09T11:48:00Z,2017-07-08T15:26:00Z
2017,Fresno,2018-01-09T11:01:00Z,2017-06-23T16:00:00Z
2017,San Luis Obispo,2018-01-09T11:51:00Z,2017-07-09T13:49:00Z
2017,Tulare,2018-01-09T10:28:00Z,2017-06-07T11:55:00Z
2017,Kern,2018-01-09T12:31:00Z,2017-08-10T14:32:00Z
2017,San Bernardino,2018-01-09T12:18:00Z,2017-08-03T15:35:00Z
2017,Del Norte,2018-01-09T12:01:00Z,2017-07-19T14:00:00Z
2017,Riverside,2018-01-09T13:47:00Z,2017-12-07T13:14:00Z
2017,Kern,2018-01-09T09:58:00Z,2017-05-15T14:05:00Z
2017,San Bernardino,2018-01-09T13:47:00Z,2017-12-05T13:35:00Z
2017,San Diego,2018-04-12T14:52:00Z,2017-07-22T15:00:00Z
2017,San Luis Obispo,2018-01-09T13:23:00Z,2017-09-20T13:41:00Z
2017,Fresno,2018-01-09T13:23:00Z,2017-09-19T19:47:00Z
2017,El Dorado,2018-01-09T12:14:00Z,2017-07-30T01:45:00Z
2017,Contra Costa,2018-01-09T11:48:00Z,2017-07-08T02:20:00Z
2017,Mariposa,2018-01-09T11:17:00Z,2017-07-02T13:36:00Z
2017,San Luis Obispo,2018-01-09T10:03:00Z,2017-05-18T08:48:00Z
2017,San Luis Obispo,2018-01-09T09:57:00Z,2017-05-15T13:58:00Z
2017,Kern,2018-01-09T10:29:00Z,2017-06-10T12:17:00Z
2017,Riverside,2018-01-09T11:44:00Z,2017-07-04T16:55:00Z
2017,Lake,2018-01-09T13:20:00Z,2017-09-12T14:36:00Z
2017,Alameda,2018-01-09T12:44:00Z,2017-08-22T14:00:00Z
2017,San Diego,2018-01-09T12:43:00Z,2017-08-21T14:00:00Z
2017,Riverside,2018-01-09T12:15:00Z,2017-07-31T14:22:00Z
2017,Tehama,2018-01-09T13:46:00Z,2017-10-26T20:00:00Z
2017,Santa Barbara,2018-01-09T10:07:00Z,2017-05-20T17:54:00Z
2017,Plumas,2018-01-09T12:43:00Z,2017-08-20T16:26:00Z
2017,Fresno,2018-01-09T10:30:00Z,2017-06-11T10:46:00Z
2017,Kern,2018-04-03T10:46:00Z,2017-10-15T17:11:00Z
2017,Kern,2018-01-09T13:36:00Z,2017-10-12T10:42:00Z
2017,Shasta,2018-01-09T12:01:00Z,2017-07-18T12:39:00Z
2017,San Bernardino,2018-01-09T12:04:00Z,2017-07-23T15:53:00Z
2017,Riverside,2018-01-09T12:43:00Z,2017-08-19T16:31:00Z
2017,Sierra,2018-01-09T11:00:00Z,2017-06-19T21:41:00Z
2017,Butte,2018-01-09T11:52:00Z,2017-07-10T14:45:00Z
2017,Lassen,2018-01-09T12:44:00Z,2017-08-26T12:35:00Z
2017,Madera,2018-01-09T10:28:00Z,2017-06-07T21:00:00Z
2017,Alameda,2018-04-05T10:48:00Z,2017-09-19T14:05:00Z
2017,Siskiyou,2018-01-09T12:12:00Z,2017-07-29T16:33:00Z
2017,Riverside,2018-01-09T10:46:00Z,2017-06-18T15:10:00Z
2017,Butte,2018-01-09T13:34:00Z,2017-10-09T15:05:00Z
2017,San Luis Obispo,2018-01-09T12:05:00Z,2017-07-24T14:43:00Z
2017,San Luis Obispo,2018-01-09T10:33:00Z,2017-06-14T11:44:00Z
2017,Madera,2018-01-09T10:01:00Z,2017-05-17T15:30:00Z
2017,San Bernardino,2018-01-09T09:53:00Z,2017-04-30T16:03:00Z
2017,Trinity,2018-01-09T13:36:00Z,2017-10-14T16:00:00Z
2017,Mendocino,2018-01-09T13:22:00Z,2017-09-19T13:02:00Z
2017,Butte,2018-01-09T13:27:00Z,2017-09-28T14:46:00Z
2017,El Dorado,2018-01-09T12:06:00Z,2017-07-26T13:58:00Z
2017,El Dorado,2018-01-09T13:21:00Z,2017-09-17T15:18:00Z
2017,Los Angeles,2018-01-09T12:07:00Z,2017-07-28T15:25:00Z
2017,Tulare,2018-01-09T10:32:00Z,2017-06-13T17:00:00Z
2017,Butte,2018-01-09T10:34:00Z,2017-06-16T09:27:00Z
2017,Calaveras,2018-01-09T13:33:00Z,2017-10-09T01:10:00Z
2017,San Diego,2018-01-09T12:50:00Z,2017-09-01T04:20:00Z
2017,San Luis Obispo,2018-01-09T09:54:00Z,2017-05-02T14:32:00Z
2017,Shasta,2018-01-09T11:16:00Z,2017-07-01T00:48:00Z
2017,Fresno,2018-01-09T09:52:00Z,2017-04-29T17:15:00Z
2017,Mariposa,2018-01-09T12:40:00Z,2017-08-13T16:23:00Z
2017,Tuolumne,2018-01-09T12:14:00Z,2017-07-30T16:28:00Z
2017,Riverside,2018-01-09T12:19:00Z,2017-08-04T14:25:00Z
2017,San Luis Obispo,2018-01-09T12:50:00Z,2017-09-03T16:59:00Z
2017,Riverside,2018-01-09T10:16:00Z,2017-05-25T14:48:00Z
2017,Calaveras,2018-01-09T11:58:00Z,2017-07-17T12:55:00Z
2017,Alameda,2018-01-09T13:41:00Z,2017-10-17T14:00:00Z
2017,Napa,2018-01-09T12:35:00Z,2017-08-11T12:57:00Z
2017,Fresno,2018-01-09T12:45:00Z,2017-08-26T14:31:00Z
2017,Butte,2018-01-09T11:01:00Z,2017-06-22T11:10:00Z
2017,San Luis Obispo,2018-01-09T13:26:00Z,2017-09-26T15:30:00Z
2017,Riverside,2018-01-09T10:33:00Z,2017-06-15T11:36:00Z
2017,Butte,2018-04-12T14:52:00Z,2017-07-19T16:02:00Z
2017,Fresno,2018-01-09T12:48:00Z,2017-08-30T16:51:00Z
2017,Santa Clara,2018-01-09T11:53:00Z,2017-07-11T16:51:00Z
2017,San Diego,2018-01-09T13:41:00Z,2017-10-21T13:04:00Z
2017,Sonoma,2018-04-05T12:01:00Z,2017-10-14T20:35:00Z
2017,Lake,2018-01-09T13:38:00Z,2017-10-14T05:00:00Z
2017,Solano,2018-01-09T13:29:00Z,2017-10-02T09:37:00Z
2017,Santa Clara,2018-01-09T12:50:00Z,2017-09-03T19:17:00Z
2017,Fresno,2018-01-09T12:51:00Z,2017-09-03T09:23:00Z
2017,Santa Clara,2018-01-09T12:39:00Z,2017-08-11T14:55:00Z
2017,San Bernardino,2018-01-09T12:16:00Z,2017-07-31T14:44:00Z
2017,San Bernardino,2018-01-09T13:46:00Z,2017-11-29T12:19:00Z
2017,Riverside,2018-01-09T12:23:00Z,2017-08-07T14:14:00Z
2017,Fresno,2018-01-09T11:45:00Z,2017-07-05T15:40:00Z
2017,Butte,2018-01-09T10:27:00Z,2017-06-06T12:43:00Z
2017,Madera,2018-01-09T11:46:00Z,2017-07-07T10:00:00Z
2017,Lake,2018-01-09T13:29:00Z,2017-10-06T14:38:00Z
2017,Ventura,2018-01-09T13:45:00Z,2017-10-24T14:44:00Z
2017,Riverside,2018-01-09T12:49:00Z,2017-08-31T10:13:00Z
2017,Humboldt,2018-01-09T12:17:00Z,2017-08-03T11:58:00Z
2017,San Bernardino,2018-01-09T12:03:00Z,2017-07-22T13:35:00Z
2017,Santa Clara,2018-01-09T11:11:00Z,2017-06-29T13:56:00Z
2017,Monterey,2018-01-09T12:27:00Z,2017-08-07T18:08:00Z
2017,San Diego,2018-01-09T13:38:00Z,2017-10-13T15:40:00Z
2017,El Dorado,2018-01-09T13:49:00Z,2017-12-28T20:51:00Z
2017,Plumas,2018-01-09T13:18:00Z,2017-09-03T20:32:00Z
2017,Tulare,2018-01-09T10:23:00Z,2017-05-31T11:30:00Z
2017,Santa Clara,2018-01-09T12:04:00Z,2017-07-23T16:07:00Z
2017,Tehama,2018-01-09T10:25:00Z,2017-06-04T16:22:00Z
2017,Nevada,2018-02-09T09:52:00Z,2017-10-09T00:00:00Z
2017,Fresno,2018-01-09T10:31:00Z,2017-06-11T22:45:00Z
2017,San Luis Obispo,2018-01-09T13:26:00Z,2017-09-26T16:45:00Z
2017,El Dorado,2018-01-09T11:50:00Z,2017-07-08T16:38:00Z
2017,San Bernardino,2018-01-09T11:47:00Z,2017-07-07T15:45:00Z
2017,San Luis Obispo,2018-01-09T13:37:00Z,2017-10-13T12:14:00Z
2017,Riverside,2018-01-09T12:01:00Z,2017-07-18T15:34:00Z
2017,San Luis Obispo,2018-01-09T12:17:00Z,2017-08-02T10:33:00Z
2017,Colusa,2018-01-09T11:58:00Z,2017-07-17T13:17:00Z
2017,Santa Clara,2018-01-09T11:52:00Z,2017-07-10T15:54:00Z
2017,Fresno,2018-01-09T10:05:00Z,2017-05-19T23:28:00Z
2017,Fresno,2018-01-09T12:46:00Z,2017-08-27T18:47:00Z
2017,Sacramento,2018-01-09T10:22:00Z,2017-06-01T15:38:00Z
2017,Lassen,2018-01-09T10:26:00Z,2017-06-04T16:12:00Z
2017,Stanislaus,2018-01-09T10:59:00Z,2017-06-21T14:45:00Z
2017,Riverside,2018-01-09T12:07:00Z,2017-07-28T18:11:00Z
2017,Mariposa,2018-01-09T10:33:00Z,2017-06-15T07:30:00Z
2017,San Diego,2018-01-09T12:44:00Z,2017-08-26T11:30:00Z
2017,Lake,2018-01-09T12:28:00Z,2017-08-08T16:40:00Z
2017,Stanislaus,2018-01-09T11:48:00Z,2017-07-08T11:00:00Z
2017,Tehama,2018-01-09T10:35:00Z,2017-06-18T07:15:00Z
2017,Tulare,2018-01-09T11:59:00Z,2017-07-17T15:32:00Z
2017,Calaveras,2018-01-09T11:53:00Z,2017-07-12T13:10:00Z
2017,Fresno,2018-01-09T13:36:00Z,2017-10-11T15:59:00Z
2017,Lake,2018-01-09T13:20:00Z,2017-09-12T16:08:00Z
2017,Tulare,2018-01-09T12:01:00Z,2017-07-18T15:50:00Z
2017,San Luis Obispo,2018-01-09T11:48:00Z,2017-07-07T16:23:00Z
2017,Tehama,2018-01-09T12:07:00Z,2017-07-28T13:24:00Z
2017,Fresno,2018-01-09T11:43:00Z,2017-07-04T13:21:00Z
2017,Siskiyou,2018-01-09T10:59:00Z,2017-06-18T15:45:00Z
2017,Solano,2018-01-09T13:23:00Z,2017-09-23T11:05:00Z
2017,Siskiyou,2018-01-09T12:47:00Z,2017-08-29T15:39:00Z
2017,Los Angeles,2018-01-09T11:11:00Z,2017-06-29T15:09:00Z
2017,Siskiyou,2018-01-09T12:46:00Z,2017-08-28T22:00:00Z
2017,Siskiyou,2018-01-09T12:46:00Z,2017-08-28T21:38:00Z
2017,Santa Clara,2018-01-09T11:00:00Z,2017-06-21T18:02:00Z
2017,Santa Clara,2018-01-09T12:07:00Z,2017-07-26T23:19:00Z
2017,Kern,2018-01-09T13:45:00Z,2017-10-26T11:55:00Z
2017,Riverside,2018-01-09T13:42:00Z,2017-10-23T10:31:00Z
2017,Los Angeles,2018-01-09T13:40:00Z,2017-10-17T03:43:00Z
2017,San Mateo,2018-01-09T13:20:00Z,2017-09-11T19:41:00Z
2017,Kern,2018-01-09T12:19:00Z,2017-08-05T13:16:00Z
2017,Santa Barbara,2018-01-09T11:59:00Z,2017-07-17T14:55:00Z
2017,Yuba,2018-01-09T11:50:00Z,2017-07-08T16:47:00Z
2017,Ventura,2018-01-09T11:43:00Z,2017-07-04T14:45:00Z
2017,Riverside,2018-01-09T11:41:00Z,2017-07-03T15:14:00Z
2017,San Diego,2018-01-09T10:32:00Z,2017-06-13T14:31:00Z
2017,Madera,2018-01-09T13:23:00Z,2017-09-20T21:07:00Z
2017,Riverside,2018-01-09T10:21:00Z,2017-05-28T15:27:00Z
2017,San Benito,2018-01-09T13:46:00Z,2017-11-25T16:46:00Z
2017,San Luis Obispo,2018-01-09T12:03:00Z,2017-07-20T14:43:00Z
2017,Riverside,2018-01-09T12:45:00Z,2017-08-27T14:51:00Z
2017,San Bernardino,2018-01-09T11:54:00Z,2017-07-12T15:29:00Z
2017,Siskiyou,2018-01-09T10:27:00Z,2017-06-06T16:38:00Z
2017,Riverside,2018-01-09T13:49:00Z,2017-12-21T11:16:00Z
2017,San Luis Obispo,2018-01-09T13:34:00Z,2017-10-09T14:30:00Z
2017,Shasta,2018-01-09T09:41:00Z,2017-04-03T16:00:00Z
2017,Alameda,2018-01-09T12:45:00Z,2017-08-27T17:45:00Z
2017,Tehama,2018-01-09T13:46:00Z,2017-11-02T14:40:00Z
2017,Monterey,2018-01-09T13:19:00Z,2017-09-11T15:11:00Z
2017,Monterey,2018-01-09T11:11:00Z,2017-06-29T20:44:00Z
2017,Tehama,2018-01-09T11:07:00Z,2017-06-24T11:15:00Z
2017,Modoc,2018-01-09T10:24:00Z,2017-06-03T13:09:00Z
2017,Siskiyou,2018-01-09T12:38:00Z,2017-08-13T12:41:00Z
2017,Los Angeles,2018-01-09T11:11:00Z,2017-06-29T15:45:00Z
2017,Kern,2018-01-09T09:57:00Z,2017-05-14T14:00:00Z
2017,Riverside,2018-01-09T13:47:00Z,2017-12-04T12:26:00Z
2017,Riverside,2018-01-09T13:46:00Z,2017-11-14T16:11:00Z
2017,San Bernardino,2018-01-09T13:45:00Z,2017-10-24T10:27:00Z
2017,Shasta,2018-01-09T13:31:00Z,2017-10-08T04:53:00Z
2017,Kern,2018-01-09T13:29:00Z,2017-09-29T15:58:00Z
2017,Del Norte,2018-01-09T13:20:00Z,2017-09-12T12:45:00Z
2017,Humboldt,2018-01-09T12:46:00Z,2017-08-28T08:01:00Z
2017,Tehama,2018-01-09T12:45:00Z,2017-08-26T15:03:00Z
2017,Lake,2018-01-09T11:59:00Z,2017-07-17T14:44:00Z
2017,Monterey,2018-01-09T11:56:00Z,2017-07-16T11:17:00Z
2017,Tuolumne,2018-03-26T10:49:00Z,2017-09-19T00:22:00Z
2017,Yuba,2018-01-09T12:05:00Z,2017-07-24T14:56:00Z
2017,Solano,2018-01-09T11:01:00Z,2017-06-22T13:08:00Z
2017,Marin,2018-01-09T11:09:00Z,2017-06-27T10:39:00Z
2017,Tuolumne,2018-01-09T10:31:00Z,2017-06-11T18:49:00Z
2017,Shasta,2018-01-09T13:46:00Z,2017-10-31T11:22:00Z
2017,Mariposa,2018-01-09T11:48:00Z,2017-07-07T15:50:00Z
2017,San Diego,2018-01-09T11:07:00Z,2017-06-25T12:09:00Z
2017,Riverside,2018-01-09T13:28:00Z,2017-09-29T18:01:00Z
2017,Marin,2018-01-09T11:54:00Z,2017-07-12T16:15:00Z
2017,Riverside,2018-01-09T11:43:00Z,2017-07-04T15:20:00Z
2017,Sacramento,2018-01-09T11:09:00Z,2017-06-27T07:39:00Z
2017,Kern,2018-01-09T10:29:00Z,2017-06-09T04:53:00Z
2017,Riverside,2018-01-09T10:07:00Z,2017-05-21T16:12:00Z
2017,San Bernardino,2018-01-09T13:47:00Z,2017-12-05T13:28:00Z
2017,Riverside,2018-01-09T13:19:00Z,2017-09-10T13:49:00Z
2017,Humboldt,2018-01-09T12:49:00Z,2017-08-31T13:57:00Z
2017,San Benito,2018-01-09T11:42:00Z,2017-07-04T13:21:00Z
2017,Riverside,2018-01-09T11:46:00Z,2017-07-07T12:56:00Z
2017,Riverside,2018-01-09T10:32:00Z,2017-06-13T12:00:00Z
2017,Kern,2018-01-09T10:24:00Z,2017-06-04T22:11:00Z
2017,Trinity,2018-01-09T12:16:00Z,2017-08-02T11:13:00Z
2017,Trinity,2018-01-09T12:17:00Z,2017-08-02T08:30:00Z
2017,Riverside,2018-01-09T11:54:00Z,2017-07-13T10:28:00Z
2017,Monterey,2018-01-09T10:34:00Z,2017-06-16T15:49:00Z
2017,Monterey,2018-01-09T10:30:00Z,2017-06-11T18:12:00Z
2017,Monterey,2018-01-09T13:40:00Z,2017-10-15T14:55:00Z
2017,Fresno,2018-01-09T12:44:00Z,2017-08-23T13:28:00Z
2017,Kern,2018-01-09T09:55:00Z,2017-05-12T05:05:00Z
2017,Los Angeles,2018-03-22T16:34:00Z,2017-08-31T16:32:00Z
2017,Humboldt,2018-01-09T12:18:00Z,2017-08-03T16:41:00Z
2017,Riverside,2018-01-09T11:42:00Z,2017-07-03T19:31:00Z
2017,El Dorado,2018-01-09T13:35:00Z,2017-10-10T15:36:00Z
2017,Tehama,2018-01-09T11:51:00Z,2017-07-08T18:58:00Z
2017,Butte,2018-01-09T13:24:00Z,2017-09-25T11:03:00Z
2017,Modoc,2018-01-09T12:48:00Z,2017-08-30T11:38:00Z
2017,Del Norte,2018-01-09T11:08:00Z,2017-06-26T21:30:00Z
2017,Riverside,2018-01-09T10:33:00Z,2017-06-15T15:51:00Z
2017,Modoc,2018-01-09T12:48:00Z,2017-08-30T14:50:00Z
2017,Riverside,2018-01-09T10:24:00Z,2017-06-03T12:09:00Z
2017,Yuba,2018-01-09T13:25:00Z,2017-09-26T15:20:00Z
2017,Riverside,2018-01-09T10:59:00Z,2017-06-18T16:03:00Z
2017,Riverside,2018-01-09T10:23:00Z,2017-06-01T16:12:00Z
2017,San Diego,2018-01-09T13:40:00Z,2017-10-15T14:05:00Z
2017,San Luis Obispo,2018-01-09T13:23:00Z,2017-09-23T15:40:00Z
2017,San Diego,2018-01-09T13:19:00Z,2017-09-07T15:41:00Z
2017,Shasta,2018-01-09T12:49:00Z,2017-09-01T11:21:00Z
2017,San Diego,2018-01-09T11:09:00Z,2017-06-27T09:38:00Z
2017,Madera,2018-01-09T10:35:00Z,2017-06-18T14:04:00Z
2017,Los Angeles,2018-01-09T10:24:00Z,2017-06-03T15:39:00Z
2017,San Diego,2018-01-09T10:10:00Z,2017-05-24T15:30:00Z
2017,Riverside,2018-01-09T13:32:00Z,2017-10-10T14:57:00Z
2017,Alameda,2018-01-09T13:25:00Z,2017-09-26T12:22:00Z
2017,Calaveras,2018-01-09T11:44:00Z,2017-07-05T16:56:00Z
2017,Napa,2018-01-09T10:31:00Z,2017-06-13T10:18:00Z
2017,San Luis Obispo,2018-01-09T13:42:00Z,2017-10-20T12:13:00Z
2017,Lake,2018-01-09T13:19:00Z,2017-09-05T14:55:00Z
2017,Tulare,2018-01-09T11:44:00Z,2017-07-05T08:24:00Z
2017,Butte,2018-01-09T11:00:00Z,2017-06-22T09:49:00Z
2017,Shasta,2018-01-09T10:32:00Z,2017-06-13T12:47:00Z
2017,San Benito,2018-01-09T10:07:00Z,2017-05-22T04:50:00Z
2017,Humboldt,2018-01-09T13:30:00Z,2017-10-08T16:40:00Z
2017,Sonoma,2018-01-09T13:30:00Z,2017-10-07T20:00:00Z
2017,Tehama,2018-01-09T13:29:00Z,2017-10-03T16:22:00Z
2017,Tuolumne,2018-01-09T12:16:00Z,2017-08-01T16:33:00Z
2017,San Bernardino,2018-01-09T12:03:00Z,2017-07-22T15:49:00Z
2017,Mendocino,2018-01-09T11:58:00Z,2017-07-17T12:37:00Z
2017,Riverside,2018-01-09T10:32:00Z,2017-06-13T17:21:00Z
2017,Contra Costa,2018-01-09T10:26:00Z,2017-06-05T13:17:00Z
2017,Kings,2018-01-09T10:04:00Z,2017-05-18T12:54:00Z
2017,Monterey,2018-01-09T09:56:00Z,2017-05-14T12:00:00Z
2017,Riverside,2018-01-09T13:49:00Z,2017-12-13T15:27:00Z
2017,Nevada,2018-01-09T13:33:00Z,2017-10-10T12:30:00Z
2017,Riverside,2018-01-09T12:38:00Z,2017-08-13T13:34:00Z
2017,Humboldt,2018-01-09T12:16:00Z,2017-08-01T10:23:00Z
2017,Stanislaus,2018-01-09T12:01:00Z,2017-07-18T22:39:00Z
2017,Siskiyou,2018-01-09T11:08:00Z,2017-06-26T12:30:00Z
2017,Kern,2018-01-09T09:54:00Z,2017-05-01T12:44:00Z
2017,Sonoma,2018-01-09T12:45:00Z,2017-08-27T13:30:00Z
2017,Butte,2018-01-09T11:43:00Z,2017-07-04T15:45:00Z
2017,Fresno,2018-01-09T10:21:00Z,2017-05-28T16:16:00Z
2017,Monterey,2018-01-09T09:58:00Z,2017-05-16T16:10:00Z
2017,Mariposa,2018-01-09T13:29:00Z,2017-10-03T11:44:00Z
2017,Shasta,2018-01-09T12:42:00Z,2017-08-17T14:15:00Z
2017,Shasta,2018-01-09T12:12:00Z,2017-07-29T17:29:00Z
2017,San Luis Obispo,2018-01-09T10:06:00Z,2017-05-20T13:11:00Z
2017,Monterey,2018-01-09T09:59:00Z,2017-05-17T15:18:00Z
2017,Riverside,2018-01-09T09:56:00Z,2017-05-14T12:51:00Z
2017,Kern,2018-01-09T10:23:00Z,2017-06-02T18:55:00Z
2017,San Bernardino,2018-01-09T10:22:00Z,2017-05-29T01:20:00Z
2017,Fresno,2018-01-09T10:17:00Z,2017-05-28T07:49:00Z
2017,Tehama,2018-01-09T12:31:00Z,2017-08-10T17:24:00Z
2017,Nevada,2018-01-09T12:06:00Z,2017-07-27T14:49:00Z
2017,Modoc,2018-01-09T11:58:00Z,2017-07-17T13:38:00Z
2017,Monterey,2018-01-09T11:10:00Z,2017-06-28T09:30:00Z
2017,Calaveras,2018-01-09T10:21:00Z,2017-05-28T15:30:00Z
2017,Riverside,2018-01-09T09:50:00Z,2017-04-13T02:30:00Z
2017,Santa Barbara,2018-01-09T13:49:00Z,2017-12-16T12:21:00Z
2017,Santa Barbara,2018-01-09T13:49:00Z,2017-12-14T12:59:00Z
2017,Butte,2018-01-09T11:17:00Z,2017-07-02T13:43:00Z
2017,Monterey,2018-01-09T10:29:00Z,2017-06-09T16:15:00Z
2017,Riverside,2018-01-09T10:05:00Z,2017-05-18T17:25:00Z
2017,Stanislaus,2018-01-09T13:41:00Z,2017-10-18T12:53:00Z
2017,El Dorado,2018-01-09T12:06:00Z,2017-07-25T14:13:00Z
2017,El Dorado,2018-01-09T11:53:00Z,2017-07-12T13:51:00Z
2017,San Bernardino,2018-01-09T11:42:00Z,2017-07-04T13:15:00Z
2017,Butte,2018-01-09T13:21:00Z,2017-09-12T17:24:00Z
2017,San Diego,2018-01-09T10:25:00Z,2017-06-04T11:04:00Z
2017,San Luis Obispo,2018-01-09T09:55:00Z,2017-05-07T16:41:00Z
2017,Riverside,2018-01-09T09:54:00Z,2017-04-30T19:43:00Z
2017,Merced,2018-01-09T10:05:00Z,1969-12-31T16:00:00Z
2017,Sonoma,2018-01-09T12:15:00Z,2017-07-31T23:17:00Z
2017,Riverside,2018-01-09T11:16:00Z,2017-07-02T13:04:00Z
2017,Tehama,2018-01-09T13:31:00Z,2017-10-08T12:15:00Z
2017,Mariposa,2018-01-09T13:23:00Z,2017-09-20T14:53:00Z
2017,Fresno,2018-01-09T13:19:00Z,2017-09-11T10:00:00Z
2017,Amador,2018-01-09T12:46:00Z,2017-08-28T17:06:00Z
2017,Los Angeles,2018-01-09T12:18:00Z,2017-08-03T16:21:00Z
2017,Nevada,2018-01-09T12:03:00Z,2017-07-21T16:50:00Z
2017,Shasta,2018-01-09T11:56:00Z,2017-07-15T18:10:00Z
2017,Riverside,2018-01-09T11:54:00Z,2017-07-13T14:14:00Z
2017,Butte,2018-01-09T11:53:00Z,2017-07-12T13:55:00Z
2017,Riverside,2018-01-09T11:41:00Z,2017-07-03T13:34:00Z
2017,Nevada,2018-01-09T11:16:00Z,2017-07-02T12:41:00Z
2017,Riverside,2018-01-09T10:35:00Z,2017-06-18T12:28:00Z
2017,Riverside,2018-01-09T10:34:00Z,2017-06-16T14:51:00Z
2017,Kern,2018-01-09T10:27:00Z,2017-06-05T14:02:00Z
2017,Riverside,2018-01-09T10:26:00Z,2017-06-04T16:48:00Z
2017,Yuba,2018-01-09T10:22:00Z,2017-05-29T15:31:00Z
2017,Kern,2018-01-09T10:17:00Z,2017-05-28T10:59:00Z
2017,Riverside,2018-01-09T10:08:00Z,2017-05-23T13:13:00Z
2017,Monterey,2018-01-09T09:51:00Z,2017-04-24T12:06:00Z
2017,Sonoma,2018-01-09T13:34:00Z,2017-10-09T01:30:00Z
2017,Napa,2018-01-09T13:33:00Z,2017-10-08T23:48:00Z
2017,Mariposa,2018-01-09T13:19:00Z,2017-09-07T15:00:00Z
2017,Siskiyou,2018-01-09T12:05:00Z,2017-07-25T12:45:00Z
2017,Modoc,2018-01-09T12:04:00Z,2017-07-23T00:00:00Z
2017,Glenn,2018-01-09T12:02:00Z,2017-07-19T17:30:00Z
2017,Lassen,2018-01-09T11:45:00Z,2017-07-06T13:00:00Z
2017,Siskiyou,2018-01-09T11:43:00Z,2017-07-04T15:21:00Z
2017,San Diego,2018-01-09T11:10:00Z,2017-06-28T17:56:00Z
2017,Siskiyou,2018-01-09T11:07:00Z,2017-06-25T17:00:00Z
2017,Tulare,2018-01-09T11:01:00Z,2017-06-23T22:32:00Z
2017,San Luis Obispo,2018-01-09T10:05:00Z,2017-05-19T13:10:00Z
2017,Butte,2018-01-09T09:24:00Z,2017-02-07T14:00:00Z
2018,Colusa,2019-01-04T09:33:00Z,2018-07-27T12:05:00Z
2018,Glenn,2019-01-04T09:33:00Z,2018-07-27T12:05:00Z
2018,Lake,2019-01-04T09:33:00Z,2018-07-27T12:05:00Z
2018,Mendocino,2019-01-04T09:33:00Z,2018-07-27T12:05:00Z
2018,Shasta,2019-01-04T09:37:00Z,2018-07-23T13:15:00Z
2018,Trinity,2019-01-04T09:37:00Z,2018-07-23T13:15:00Z
2018,Butte,2018-11-25T08:00:00Z,2018-11-08T06:33:00Z
2018,Los Angeles,2019-01-04T08:42:00Z,2018-11-08T14:24:00Z
2018,Ventura,2019-01-04T08:42:00Z,2018-11-08T14:24:00Z
2018,Mariposa,2019-01-04T09:48:00Z,2018-07-13T21:36:00Z
2018,Napa,2019-01-04T09:57:00Z,2018-06-30T14:12:00Z
2018,Yolo,2019-01-04T09:57:00Z,2018-06-30T14:12:00Z
2018,Shasta,2019-01-04T09:07:00Z,2018-09-05T12:51:00Z
2018,Trinity,2019-01-04T09:07:00Z,2018-09-05T12:51:00Z
2018,Colusa,2019-01-04T09:18:00Z,2018-07-27T13:01:00Z
2018,Lake,2019-01-04T09:18:00Z,2018-07-27T13:01:00Z
2018,Mendocino,2019-01-04T09:18:00Z,2018-07-27T13:01:00Z
2018,Shasta,2019-01-04T09:21:00Z,2018-08-09T01:55:00Z
2018,Modoc,2019-01-04T09:20:00Z,2018-08-15T18:05:00Z
2018,Siskiyou,2019-01-04T09:55:00Z,2018-07-05T12:31:00Z
2018,Tuolumne,2019-01-04T09:26:00Z,2018-08-01T17:48:00Z
2018,Orange,2019-01-04T09:23:00Z,2018-08-06T13:20:00Z
2018,Lassen,2019-01-04T09:32:00Z,2018-07-27T13:32:00Z
2018,Lake,2019-01-04T10:01:00Z,2018-06-23T17:21:00Z
2018,Riverside,2019-01-04T09:36:00Z,2018-07-25T11:41:00Z
2018,San Joaquin,2019-01-04T09:58:00Z,2018-06-29T15:11:00Z
2018,Mono,2019-01-04T09:09:00Z,2018-09-04T14:26:00Z
2018,Merced,2019-01-04T10:06:00Z,2018-06-15T10:34:00Z
2018,Ventura,2019-01-04T08:43:00Z,2018-11-08T14:03:00Z
2018,Solano,2019-01-04T08:57:00Z,2018-10-07T13:00:00Z
2018,Madera,2019-01-04T10:03:00Z,2018-06-11T12:00:00Z
2018,Tehama,2019-01-04T08:57:00Z,2018-10-07T12:51:00Z
2018,Tehama,2019-01-04T10:02:00Z,2018-06-23T11:38:00Z
2018,Humboldt,2019-01-04T09:17:00Z,2018-08-16T09:18:00Z
2018,Los Angeles,2019-01-04T09:03:00Z,2018-09-22T14:30:00Z
2018,Kings,2019-01-04T09:23:00Z,2018-08-06T17:29:00Z
2018,Tehama,2019-01-04T10:10:00Z,2018-06-09T14:10:00Z
2018,Kern,2019-01-04T09:26:00Z,2018-08-03T14:48:00Z
2018,Inyo,2019-01-04T09:54:00Z,2018-07-08T13:36:00Z
2018,Napa,2019-01-04T09:06:00Z,2018-09-08T14:29:00Z
2018,Glenn,2019-01-04T10:09:00Z,2018-06-09T15:32:00Z
2018,Monterey,2019-01-04T09:23:00Z,2018-08-06T12:59:00Z
2018,Solano,2019-01-04T09:20:00Z,2018-08-10T16:57:00Z
2018,Modoc,2019-01-04T09:46:00Z,2018-07-13T22:03:00Z
2018,Inyo,2019-01-03T09:43:00Z,2018-02-18T14:12:00Z
2018,Shasta,2019-01-04T09:21:00Z,2018-08-09T14:34:00Z
2018,Merced,2019-01-04T10:26:00Z,2018-05-02T16:00:00Z
2018,Trinity,2019-01-04T09:08:00Z,2018-09-04T15:20:00Z
2018,Shasta,2019-01-04T10:01:00Z,2018-06-24T12:29:00Z
2018,Solano,2019-01-04T08:47:00Z,2018-11-08T13:28:00Z
2018,San Luis Obispo,2019-01-04T10:03:00Z,2018-06-20T18:22:00Z
2018,Los Angeles,2019-01-04T10:15:00Z,2018-06-04T12:40:00Z
2018,San Bernardino,2019-01-04T09:55:00Z,2018-07-06T13:29:00Z
2018,San Benito,2019-01-04T10:15:00Z,2018-06-04T17:01:00Z
2018,Inyo,2019-01-03T13:09:00Z,2018-04-19T10:28:00Z
2018,Riverside,2019-01-04T10:24:00Z,2018-05-17T14:19:00Z
2018,Sutter,2019-01-04T09:28:00Z,2018-07-31T17:34:00Z
2018,Placer,2019-01-04T09:10:00Z,2018-09-03T16:38:00Z
2018,Santa Barbara,2019-01-04T09:16:00Z,2018-08-19T13:37:00Z
2018,Kern,2019-01-04T09:32:00Z,2018-07-27T16:12:00Z
2018,Mendocino,2019-01-04T09:29:00Z,2018-07-31T15:28:00Z
2018,Butte,2019-01-04T09:48:00Z,2018-07-12T22:45:00Z
2018,Tehama,2019-01-04T09:52:00Z,2018-07-09T18:30:00Z
2018,Amador,2019-01-04T09:54:00Z,2018-07-06T14:42:00Z
2018,Yolo,2019-01-04T09:40:00Z,2018-07-18T14:24:00Z
2018,Placer,2019-01-04T09:28:00Z,2018-08-01T13:11:00Z
2018,Tulare,2019-01-04T09:19:00Z,2018-08-15T17:14:00Z
2018,Monterey,2019-01-04T09:20:00Z,2018-08-11T14:12:00Z
2018,Lassen,2019-01-04T10:06:00Z,2018-06-14T17:45:00Z
2018,Alameda,2019-01-04T09:53:00Z,2018-07-08T17:38:00Z
2018,Tuolumne,2019-01-04T09:06:00Z,2018-09-08T13:34:00Z
2018,Butte,2019-01-04T08:50:00Z,2018-10-30T14:46:00Z
2018,San Benito,2019-01-04T10:14:00Z,2018-06-04T17:30:00Z
2018,San Diego,2019-01-04T09:55:00Z,2018-07-06T23:39:00Z
2018,Alameda,2019-01-04T10:20:00Z,2018-05-30T13:21:00Z
2018,Lassen,2019-01-04T09:59:00Z,2018-06-27T15:09:00Z
2018,Monterey,2019-01-04T09:04:00Z,2018-09-13T15:37:00Z
2018,Monterey,2019-06-21T08:51:41Z,2018-06-26T07:11:00Z
2018,Kern,2019-01-04T09:16:00Z,2018-08-18T15:17:00Z
2018,San Diego,2019-01-04T09:32:00Z,2018-07-27T13:28:00Z
2018,Madera,2019-01-04T09:03:00Z,2018-09-22T15:44:00Z
2018,Butte,2019-01-04T09:59:00Z,2018-06-26T12:56:00Z
2018,Inyo,2019-01-04T09:29:00Z,2018-07-31T15:07:00Z
2018,Shasta,2019-01-04T10:02:00Z,2018-06-23T12:54:00Z
2018,Santa Clara,2019-01-04T09:37:00Z,2018-07-22T13:06:00Z
2018,El Dorado,2019-01-04T09:56:00Z,2018-07-04T17:09:00Z
2018,Trinity,2019-01-04T09:59:00Z,2018-06-28T18:01:00Z
2018,Madera,2019-01-04T10:14:00Z,2018-06-04T17:44:00Z
2018,San Diego,2019-01-04T10:26:00Z,2018-05-04T11:44:00Z
2018,Kern,2019-01-04T10:25:00Z,2018-05-16T16:30:00Z
2018,Calaveras,2019-01-04T09:23:00Z,2018-08-06T16:26:00Z
2018,Madera,2019-01-04T09:15:00Z,2018-08-23T15:40:00Z
2018,Riverside,2019-01-04T09:39:00Z,2018-07-19T17:22:00Z
2018,San Benito,2019-01-04T09:49:00Z,2018-07-11T16:40:00Z
2018,Contra Costa,2019-01-04T09:58:00Z,2018-06-29T16:06:00Z
2018,Tehama,2019-01-04T10:02:00Z,2018-06-23T12:52:00Z
2018,San Diego,2019-01-04T10:11:00Z,2018-06-06T09:46:00Z
2018,Tehama,2019-01-04T08:59:00Z,2018-09-28T13:08:00Z
2018,San Luis Obispo,2019-01-04T10:00:00Z,2018-06-26T11:16:00Z
2018,Santa Barbara,2019-01-03T09:44:00Z,2018-03-27T14:45:00Z
2018,San Diego,2019-01-04T09:21:00Z,2018-08-09T13:09:00Z
2018,Contra Costa,2019-01-04T09:34:00Z,2018-07-25T14:41:00Z
2018,Siskiyou,2019-01-04T09:44:00Z,2018-07-15T09:58:00Z
2018,Siskiyou,2019-01-04T09:56:00Z,2018-07-01T18:13:00Z
2018,San Benito,2019-01-04T10:07:00Z,2018-06-12T15:06:00Z
2018,San Diego,2019-01-04T09:31:00Z,2018-07-28T15:14:00Z
2018,Riverside,2019-01-04T09:33:00Z,2018-07-26T10:12:00Z
2018,Kern,2019-01-04T09:06:00Z,2018-09-12T11:25:00Z
2018,Merced,2019-01-04T10:10:00Z,2018-06-07T18:04:00Z
2018,Butte,2019-01-04T09:56:00Z,2018-07-04T13:30:00Z
2018,Ventura,2019-01-04T08:46:00Z,2018-11-12T10:06:00Z
2018,Merced,2019-01-04T10:04:00Z,2018-06-17T15:09:00Z
2018,Los Angeles,2019-01-04T10:08:00Z,2018-06-09T14:45:00Z
2018,Orange,2019-01-04T10:19:00Z,2018-06-02T13:07:00Z
2018,Santa Barbara,2019-01-04T09:12:00Z,2018-09-01T14:22:00Z
2018,Tehama,2019-01-04T10:02:00Z,2018-06-23T13:15:00Z
2018,Monterey,2019-01-04T08:54:00Z,2018-10-13T14:43:00Z
2018,Lassen,2019-01-04T09:35:00Z,2018-07-24T16:02:00Z
2018,Los Angeles,2019-01-04T09:05:00Z,2018-09-09T12:10:00Z
2018,Tuolumne,2019-01-04T10:01:00Z,2018-06-24T13:54:00Z
2018,Solano,2019-01-04T08:55:00Z,2018-10-12T11:21:00Z
2018,Shasta,2019-01-04T09:16:00Z,2018-08-19T07:32:00Z
2018,Orange,2019-01-04T10:08:00Z,2018-06-11T17:04:00Z
2018,Riverside,2019-01-04T10:07:00Z,2018-06-12T14:22:00Z
2018,Marin,2019-01-04T09:05:00Z,2018-09-10T19:00:00Z
2018,Ventura,2019-01-04T08:44:00Z,2018-11-15T01:39:00Z
2018,Monterey,2019-01-04T08:57:00Z,2018-10-02T12:32:00Z
2018,El Dorado,2019-01-04T09:09:00Z,2018-09-04T15:03:00Z
2018,San Bernardino,2019-01-04T08:45:00Z,2018-11-13T08:19:00Z
2018,Calaveras,2019-01-04T09:24:00Z,2018-08-05T04:19:00Z
2018,Napa,2019-01-04T09:30:00Z,2018-07-28T16:30:00Z
2018,Los Angeles,2019-01-04T09:37:00Z,2018-07-23T12:55:00Z
2018,Glenn,2019-01-04T10:19:00Z,2018-06-01T15:20:00Z
2018,Siskiyou,2019-01-04T10:25:00Z,2018-05-09T18:11:00Z
2018,San Bernardino,2019-01-04T09:12:00Z,2018-08-31T17:58:00Z
2018,Tulare,2019-01-04T08:51:00Z,2018-10-24T12:18:00Z
2018,Plumas,2019-01-04T09:22:00Z,2018-08-07T02:11:00Z
2018,San Benito,2019-01-04T09:49:00Z,2018-07-12T12:57:00Z
2018,Santa Clara,2019-01-04T09:54:00Z,2018-07-06T10:40:00Z
2018,Mariposa,2019-01-04T10:04:00Z,2018-06-18T12:30:00Z
2018,Kern,2019-01-04T09:17:00Z,2018-08-16T16:06:00Z
2018,Santa Barbara,2019-01-04T09:54:00Z,2018-07-06T20:40:00Z
2018,Santa Barbara,2019-01-04T09:38:00Z,2018-07-20T14:23:00Z
2018,Fresno,2019-01-04T10:22:00Z,2018-05-26T14:52:00Z
2018,Mendocino,2019-01-04T09:26:00Z,2018-08-01T15:53:00Z
2018,Lake,2019-01-04T09:14:00Z,2018-08-26T18:04:00Z
2018,Tehama,2019-01-04T10:24:00Z,2018-05-18T16:37:00Z
2018,San Diego,2019-01-04T09:19:00Z,2018-08-13T14:58:00Z
2018,Tulare,2019-01-04T09:33:00Z,2018-07-27T12:14:00Z
2018,San Bernardino,2019-01-04T09:55:00Z,2018-07-06T09:36:00Z
2018,San Luis Obispo,2019-01-04T10:22:00Z,2018-05-24T10:43:00Z
2018,Monterey,2019-01-04T10:08:00Z,2018-06-09T15:31:00Z
2018,Kern,2019-01-04T09:57:00Z,2018-06-29T17:53:00Z
2018,Mendocino,2019-01-04T09:55:00Z,2018-07-05T15:12:00Z
2018,Lassen,2019-01-04T09:42:00Z,2018-07-15T18:54:00Z
2018,Lassen,2019-01-04T08:47:00Z,2018-11-08T11:25:00Z
2018,Madera,2019-01-04T09:13:00Z,2018-08-27T23:19:00Z
2018,Merced,2019-01-04T10:24:00Z,2018-05-20T13:07:00Z
2018,San Luis Obispo,2019-01-04T08:58:00Z,2018-09-29T09:30:00Z
2018,Lake,2019-01-04T09:51:00Z,2018-07-09T16:46:00Z
2018,Calaveras,2019-01-04T10:01:00Z,2018-06-24T15:28:00Z
2018,Santa Barbara,2019-01-04T09:40:00Z,2018-07-18T11:55:00Z
2018,Shasta,2019-01-04T08:58:00Z,2018-09-28T14:44:00Z
2018,Fresno,2019-01-04T09:59:00Z,2018-06-27T12:39:00Z
2018,Colusa,2019-01-04T09:56:00Z,2018-07-04T13:14:00Z
2018,Glenn,2019-01-04T10:21:00Z,2018-05-28T17:33:00Z
2018,Riverside,2019-01-04T10:26:00Z,2018-04-28T14:26:00Z
2018,Santa Clara,2019-01-04T09:50:00Z,2018-07-10T15:08:00Z
2018,Santa Clara,2019-01-04T09:57:00Z,2018-06-29T20:59:00Z
2018,Tehama,2019-01-04T10:07:00Z,2018-06-13T21:06:00Z
2018,Riverside,2019-01-04T10:26:00Z,2018-05-04T14:48:00Z
2018,Merced,2019-01-04T10:00:00Z,2018-06-24T16:11:00Z
2018,El Dorado,2019-01-04T09:28:00Z,2018-08-01T13:57:00Z
2018,Mendocino,2019-01-04T09:37:00Z,2018-07-21T16:22:00Z
2018,El Dorado,2019-01-04T09:27:00Z,2018-08-01T14:40:00Z
2018,San Benito,2019-01-04T10:13:00Z,2018-06-04T23:17:00Z
2018,Santa Clara,2019-01-04T08:57:00Z,2018-10-07T12:57:00Z
2018,Shasta,2019-01-04T09:38:00Z,2018-07-20T13:26:00Z
2018,Riverside,2019-01-04T09:56:00Z,2018-07-04T14:20:00Z
2018,Siskiyou,2019-01-04T09:59:00Z,2018-06-27T19:46:00Z
2018,Stanislaus,2019-01-04T10:21:00Z,2018-05-29T12:58:00Z
2018,Kern,2019-01-04T09:54:00Z,2018-07-08T13:38:00Z
2018,Los Angeles,2019-01-04T10:01:00Z,2018-06-23T19:39:00Z
2018,San Joaquin,2019-01-04T10:08:00Z,2018-06-11T12:16:00Z
2018,Tehama,2019-01-04T08:50:00Z,2018-11-05T10:17:00Z
2018,Lake,2019-01-04T09:12:00Z,2018-08-30T15:44:00Z
2018,Madera,2019-01-04T10:06:00Z,2018-06-15T11:46:00Z
2018,San Luis Obispo,2019-01-04T10:06:00Z,2018-06-14T17:23:00Z
2018,San Luis Obispo,2019-01-04T10:07:00Z,2018-06-13T12:38:00Z
2018,Santa Barbara,2019-01-04T10:25:00Z,2018-05-17T12:53:00Z
2018,San Diego,2019-01-04T10:23:00Z,2018-05-22T14:13:00Z
2018,San Luis Obispo,2019-01-04T08:52:00Z,2018-10-19T14:10:00Z
2018,Lassen,2019-01-04T09:44:00Z,2018-07-15T11:55:00Z
2018,Contra Costa,2019-01-04T09:53:00Z,2018-07-08T16:45:00Z
2018,Madera,2019-01-04T10:23:00Z,2018-05-23T14:30:00Z
2018,San Bernardino,2019-01-04T09:00:00Z,2018-09-26T10:56:00Z
2018,Lassen,2019-01-04T09:03:00Z,2018-09-22T14:41:00Z
2018,Mariposa,2019-01-04T10:05:00Z,2018-06-15T13:37:00Z
2018,Modoc,2019-01-04T09:46:00Z,2018-07-14T20:46:00Z
2018,San Luis Obispo,2019-01-04T09:04:00Z,2018-09-16T08:34:00Z
2018,Shasta,2019-01-04T09:36:00Z,2018-07-24T15:24:00Z
2018,Santa Clara,2019-01-04T09:51:00Z,2018-07-10T16:45:00Z
2018,Lake,2019-01-04T09:38:00Z,2018-07-21T14:40:00Z
2018,Tehama,2019-01-04T09:43:00Z,2018-07-15T17:15:00Z
2018,Monterey,2019-01-03T09:43:00Z,2018-02-07T15:53:00Z
2018,Alameda,2019-01-04T09:14:00Z,2018-08-26T14:23:00Z
2018,Contra Costa,2019-01-04T09:57:00Z,2018-07-02T14:25:00Z
2018,Marin,2019-01-04T09:22:00Z,1969-12-31T16:00:00Z
2018,Butte,2019-01-04T09:40:00Z,2018-07-19T12:00:00Z
2018,Riverside,2019-01-04T09:36:00Z,2018-07-23T14:55:00Z
2018,Mariposa,2019-01-04T09:39:00Z,2018-07-19T13:07:00Z
2018,Contra Costa,2019-01-04T10:04:00Z,2018-06-19T15:19:00Z
2018,Butte,2019-01-04T10:05:00Z,2018-06-16T11:47:00Z
2018,San Benito,2019-01-04T09:35:00Z,2018-07-25T14:11:00Z
2018,Shasta,2019-01-04T08:53:00Z,2018-10-14T11:33:00Z
2018,San Diego,2019-01-04T10:16:00Z,2018-06-03T16:16:00Z
2018,San Luis Obispo,2019-01-04T09:38:00Z,2018-07-21T15:01:00Z
2018,Siskiyou,2019-01-04T10:17:00Z,2018-06-03T16:14:00Z
2018,Lake,2019-01-04T09:11:00Z,2018-09-02T14:02:00Z
2018,Riverside,2019-01-04T09:13:00Z,2018-08-27T10:49:00Z
2018,Mendocino,2019-01-04T08:49:00Z,2018-11-08T11:58:00Z
2018,Riverside,2019-01-04T09:23:00Z,2018-08-06T14:19:00Z
2018,Shasta,2019-01-04T09:29:00Z,2018-07-29T16:22:00Z
2018,San Benito,2019-01-04T10:17:00Z,2018-06-03T15:09:00Z
2018,Kern,2019-01-04T09:16:00Z,2018-08-17T18:47:00Z
2018,Alameda,2019-01-04T09:34:00Z,2018-07-25T16:05:00Z
2018,Tulare,2019-01-04T09:39:00Z,2018-07-19T16:25:00Z
2018,Butte,2019-01-04T09:01:00Z,2018-09-24T00:41:00Z
2018,Tehama,2019-01-04T09:46:00Z,2018-07-14T20:40:00Z
2018,San Bernardino,2019-01-04T09:57:00Z,2018-06-30T12:12:00Z
2018,Tulare,2019-01-03T09:44:00Z,2018-02-18T13:45:00Z
2018,Fresno,2019-01-04T09:47:00Z,2018-10-02T15:45:00Z
2018,Riverside,2019-01-04T09:15:00Z,2018-08-25T11:58:00Z
2018,Lassen,2019-01-04T09:42:00Z,2018-07-15T16:45:00Z
2018,Lake,2019-01-04T10:05:00Z,2018-06-16T14:04:00Z
2018,Shasta,2019-01-04T09:53:00Z,2018-07-08T14:41:00Z
2018,Santa Clara,2019-01-04T09:02:00Z,2018-09-23T16:23:00Z
2018,Contra Costa,2019-01-04T09:17:00Z,2018-08-17T19:19:00Z
2018,Alameda,2019-01-04T09:25:00Z,2018-08-04T17:32:00Z
2018,Riverside,2019-01-04T09:30:00Z,2018-07-28T15:38:00Z
2018,San Luis Obispo,2019-01-04T09:38:00Z,2018-07-21T15:50:00Z
2018,Sacramento,2019-01-04T09:58:00Z,2018-06-29T15:46:00Z
2018,Fresno,2019-01-03T09:46:00Z,2018-04-12T14:30:00Z
2018,San Diego,2019-01-04T09:41:00Z,2018-07-17T14:05:00Z
2018,Siskiyou,2019-01-04T10:24:00Z,2018-05-19T13:04:00Z
2018,Tulare,2019-01-04T10:24:00Z,2018-05-18T11:00:00Z
2018,Riverside,2019-01-04T09:04:00Z,2018-09-14T19:32:00Z
2018,Contra Costa,2019-01-04T10:05:00Z,2018-06-16T15:10:00Z
2018,San Luis Obispo,2019-01-04T10:20:00Z,2018-05-29T13:11:00Z
2018,Lake,2019-01-04T09:11:00Z,2018-09-03T13:58:00Z
2018,Riverside,2019-01-04T09:15:00Z,2018-08-22T13:45:00Z
2018,Contra Costa,2019-01-04T10:19:00Z,2018-06-02T12:42:00Z
2018,Tehama,2019-01-04T10:19:00Z,2018-06-01T16:07:00Z
2018,Mariposa,2019-01-04T09:24:00Z,2018-08-04T13:57:00Z
2018,Riverside,2019-01-03T09:46:00Z,2018-04-09T18:18:00Z
2018,Contra Costa,2019-01-04T08:44:00Z,2018-11-15T13:31:00Z
2018,Alameda,2019-01-04T08:45:00Z,2018-11-14T14:56:00Z
2018,Santa Clara,2019-01-04T09:33:00Z,2018-07-25T16:14:00Z
2018,Alameda,2019-01-04T10:04:00Z,2018-06-17T15:56:00Z
2018,Riverside,2019-01-04T10:06:00Z,2018-06-14T17:02:00Z
2018,Butte,2019-01-04T10:07:00Z,2018-06-14T15:18:00Z
2018,Los Angeles,2019-01-04T10:07:00Z,2018-06-12T14:56:00Z
2018,Plumas,2019-01-04T10:27:00Z,2018-04-26T15:00:00Z
2018,San Diego,2019-01-04T10:26:00Z,2018-05-09T22:00:00Z
2018,Riverside,2019-01-03T13:10:00Z,2018-04-22T13:35:00Z
2018,Santa Cruz,2019-01-04T08:50:00Z,2018-11-03T21:28:00Z
2018,Amador,2019-01-04T10:05:00Z,2018-06-17T13:58:00Z
2018,Riverside,2019-01-04T10:17:00Z,2018-06-03T14:17:00Z
2018,Nevada,2019-01-04T09:19:00Z,2018-08-12T14:20:00Z
2018,Humboldt,2019-01-04T09:43:00Z,2018-07-15T16:14:00Z
2018,Santa Clara,2019-01-04T10:22:00Z,2018-05-27T17:05:00Z
2018,Siskiyou,2019-01-04T08:55:00Z,2018-10-10T21:50:00Z
2018,Modoc,2019-01-04T09:11:00Z,2018-09-02T14:53:00Z
2018,Riverside,2019-01-04T10:26:00Z,2018-05-04T18:53:00Z
2018,Riverside,2019-01-03T09:46:00Z,2018-04-15T04:38:00Z
2018,San Diego,2019-01-04T09:24:00Z,2018-08-06T10:31:00Z
2018,San Luis Obispo,2019-01-04T09:41:00Z,2018-07-17T11:13:00Z
2018,Lassen,2019-01-04T09:45:00Z,2018-07-14T15:00:00Z
2018,Yolo,2019-01-04T10:20:00Z,2018-06-01T13:31:00Z
2018,Shasta,2019-01-04T09:08:00Z,2018-09-04T14:43:00Z
2018,San Diego,2019-01-04T09:39:00Z,2018-07-20T13:07:00Z
2018,Fresno,2019-01-04T10:18:00Z,2018-06-02T09:55:00Z
2018,Shasta,2019-01-04T08:54:00Z,2018-10-14T06:45:00Z
2018,El Dorado,2019-01-04T09:03:00Z,2018-09-20T12:39:00Z
2018,San Bernardino,2019-01-04T09:47:00Z,2018-07-13T14:32:00Z
2018,Madera,2019-01-04T09:50:00Z,2018-07-10T17:31:00Z
2018,Marin,2019-01-04T10:09:00Z,2018-06-09T15:30:00Z
2018,San Diego,2019-01-04T10:11:00Z,2018-06-05T13:45:00Z
2018,Siskiyou,2019-01-04T10:13:00Z,2018-06-04T15:08:00Z
2018,San Luis Obispo,2019-01-04T10:17:00Z,2018-06-03T16:11:00Z
2018,Napa,2019-01-04T10:23:00Z,2018-05-21T11:56:00Z
2018,Alameda,2019-01-04T10:25:00Z,2018-05-14T13:06:00Z
2018,San Diego,2019-01-04T10:25:00Z,2018-05-10T20:41:00Z
2018,Butte,2019-01-04T09:51:00Z,2018-07-10T12:42:00Z
2018,Madera,2019-01-04T09:52:00Z,2018-07-09T17:54:00Z
2018,Riverside,2019-01-04T10:18:00Z,2018-06-03T13:38:00Z
2018,Shasta,2019-01-03T09:45:00Z,2018-03-27T16:20:00Z
2018,Santa Cruz,2019-01-04T08:44:00Z,2018-11-16T11:01:00Z
2018,Humboldt,2019-01-04T08:46:00Z,2018-11-12T17:39:00Z
2018,Butte,2019-01-04T08:52:00Z,2018-10-15T11:57:00Z
2018,Riverside,2019-01-04T09:16:00Z,2018-08-19T15:55:00Z
2018,Napa,2019-01-04T09:20:00Z,2018-08-09T14:21:00Z
2018,Siskiyou,2019-01-04T09:40:00Z,2018-07-17T19:03:00Z
2018,San Diego,2019-01-04T09:55:00Z,2018-07-06T10:11:00Z
2018,Butte,2019-01-04T09:58:00Z,2018-06-29T11:44:00Z
2018,San Luis Obispo,2019-01-04T10:03:00Z,2018-06-21T16:45:00Z
2018,Monterey,2019-01-04T10:04:00Z,2018-06-19T16:06:00Z
2018,Sonoma,2019-01-04T10:12:00Z,2018-06-05T13:03:00Z
2018,San Diego,2019-01-04T10:16:00Z,2018-06-03T18:23:00Z
2018,Tehama,2019-01-04T10:18:00Z,2018-06-03T08:55:00Z
2018,Riverside,2019-01-04T10:18:00Z,2018-06-02T15:53:00Z
2018,Riverside,2019-01-04T10:21:00Z,2018-05-28T07:23:00Z
2018,Butte,2019-01-04T08:42:00Z,2018-11-29T23:30:00Z
2018,Humboldt,2019-01-03T15:23:00Z,2018-04-24T16:59:00Z
2018,Santa Barbara,2019-01-03T09:43:00Z,2018-01-09T04:00:00Z
2018,Ventura,2019-01-03T09:43:00Z,2018-01-09T04:00:00Z
2019,Ventura,2019-11-02T18:57:00Z,2019-10-30T07:45:14Z
2019,Mariposa,,2019-08-16T14:11:02Z
2019,Riverside,,2019-10-10T15:38:44Z
2019,Tehama,2019-10-28T07:22:00Z,2019-10-27T02:47:20Z
2019,Riverside,2019-11-02T18:44:00Z,2019-10-30T11:19:00Z
2019,Placer,,2019-11-25T12:39:44Z
2019,Monterey,2019-10-11T07:30:00Z,2019-10-09T06:52:14Z
2019,San Luis Obispo,2019-10-11T07:30:00Z,2019-10-09T06:52:14Z
2019,Mariposa,,2019-07-21T12:01:40Z
2019,Fresno,2019-10-19T15:00:00Z,2019-10-18T12:17:32Z
2019,Lassen,,2019-08-07T18:48:57Z
2019,Riverside,2019-10-12T17:22:00Z,2019-10-10T18:36:46Z
2019,Contra Costa,2019-10-10T12:00:00Z,2019-10-10T06:42:19Z
2019,San Diego,2019-10-27T18:05:00Z,2019-10-25T15:05:52Z
2019,Alameda,2019-10-27T13:55:00Z,2019-10-24T23:16:18Z
2019,Stanislaus,2019-07-18T10:29:00Z,2019-07-18T09:07:57Z
2019,Shasta,,2019-07-12T19:08:54Z
2019,Calaveras,2019-07-20T08:56:00Z,2019-07-18T18:31:00Z
2019,San Bernardino,2019-08-04T06:39:00Z,2019-08-03T17:22:51Z
2019,San Diego,2019-07-18T15:58:00Z,2019-07-17T17:42:04Z
2019,El Dorado,2019-09-29T21:35:00Z,2019-09-29T21:44:45Z
2019,Alameda,2019-07-12T19:20:00Z,2019-07-12T18:40:09Z
2019,Contra Costa,,2019-10-15T16:17:18Z
2019,Riverside,2019-08-27T08:54:00Z,2019-08-27T11:33:56Z
2019,Mendocino,,2019-10-04T18:38:09Z
2019,Santa Cruz,2019-09-06T19:48:00Z,2019-09-03T15:36:45Z
2019,Sonoma,2019-11-06T19:00:00Z,2019-10-23T21:27:00Z
2019,Plumas,,2019-09-04T15:17:31Z
2019,Modoc,2019-08-11T12:16:00Z,2019-07-28T15:58:00Z
2019,Inyo,2019-11-21T16:09:00Z,2019-09-06T12:43:35Z
2019,Ventura,2019-11-06T18:00:00Z,2019-10-31T20:58:28Z
2019,Tehama,2019-09-13T19:00:00Z,2019-09-05T13:19:56Z
2019,Los Angeles,2019-10-31T09:10:00Z,2019-10-10T21:02:00Z
2019,Modoc,2019-09-13T07:19:00Z,2019-09-06T11:34:27Z
2019,Mariposa,,2019-10-06T16:15:12Z
2019,Tehama,2019-12-02T16:12:00Z,2019-09-05T19:59:46Z
2019,Mono,,2019-09-06T11:24:11Z
2019,Los Angeles,,2019-10-24T14:51:46Z
2019,El Dorado,,2019-10-11T12:47:59Z
2019,Lassen,2019-09-04T16:22:00Z,2019-08-28T19:48:14Z
2019,Santa Barbara,2019-12-14T08:22:00Z,2019-11-25T19:59:12Z
2019,Monterey,2019-06-26T18:02:00Z,2019-06-26T09:18:22Z
2019,Tehama,2019-11-14T18:02:00Z,2019-11-03T14:16:17Z
2019,Yolo,2019-06-17T10:40:00Z,2019-06-08T14:50:00Z
2019,Kern,2019-05-09T09:37:00Z,2019-05-07T15:47:00Z
2019,Lassen,2019-08-27T09:01:00Z,2019-08-24T17:25:04Z
2019,Stanislaus,2019-06-27T19:06:00Z,2019-06-26T08:54:24Z
2019,Inyo,2019-11-21T16:08:00Z,2019-09-06T12:23:00Z
2019,Riverside,2019-09-14T19:00:00Z,2019-09-04T16:43:36Z
2019,Siskiyou,,2019-09-07T08:36:32Z
2019,San Luis Obispo,2019-06-24T10:25:00Z,2019-06-12T12:48:00Z
2019,Mexico,2019-08-17T14:30:00Z,2019-08-16T06:14:55Z
2019,Sutter,2019-06-17T15:16:00Z,2019-06-08T14:37:00Z
2019,State of Oregon,2019-08-18T16:33:00Z,2019-08-09T23:08:25Z
2019,State of Nevada,2019-07-16T08:50:00Z,2019-07-13T18:42:22Z
2019,San Luis Obispo,2019-06-11T14:49:00Z,2019-06-05T10:49:00Z
2019,Lassen,2019-08-11T11:35:00Z,2019-08-08T18:42:41Z
2019,San Luis Obispo,2019-07-09T18:22:00Z,2019-07-08T16:44:08Z
2019,San Luis Obispo,2019-06-03T08:44:00Z,2019-05-29T17:10:00Z
2019,Contra Costa,2019-08-06T18:42:00Z,2019-08-03T03:16:00Z
2019,Tulare,,2019-08-31T15:31:59Z
2019,Los Angeles,2019-11-05T17:30:00Z,2019-10-28T06:46:55Z
2019,Mendocino,2019-11-03T18:52:00Z,2019-10-27T14:54:40Z
2019,Placer,,2019-09-20T15:02:08Z
2019,Shasta,2019-08-26T17:00:00Z,2019-08-22T11:02:09Z
2019,Stanislaus,2019-06-11T17:14:00Z,2019-06-07T16:55:00Z
2019,Napa,2019-10-07T18:34:00Z,2019-10-06T16:36:50Z
2019,Riverside,2019-06-24T11:43:00Z,2019-06-21T13:02:00Z
2019,Riverside,,2019-09-14T17:53:00Z
2019,Butte,2019-09-13T19:00:00Z,2019-09-07T15:06:00Z
2019,San Diego,2019-08-03T09:10:00Z,2019-08-01T14:53:15Z
2019,Kern,,2019-07-31T17:13:53Z
2019,Mariposa,,2019-08-15T15:15:56Z
2019,Santa Barbara,2019-10-21T06:00:00Z,2019-10-17T16:31:00Z
2019,Tulare,,2019-09-06T12:39:18Z
2019,Riverside,2019-10-13T07:30:00Z,2019-10-10T14:18:17Z
2019,Riverside,2019-11-03T16:15:00Z,2019-10-31T06:22:34Z
2019,Monterey,,2019-07-29T15:43:48Z
2019,Butte,2019-09-28T18:40:00Z,2019-09-28T17:48:10Z
2019,San Joaquin,2019-07-05T07:50:00Z,2019-07-03T15:34:12Z
2019,Trinity,2019-09-12T10:08:00Z,2019-09-07T08:49:58Z
2019,Monterey,2019-08-12T08:20:00Z,2019-07-30T13:28:17Z
2019,Ventura,2019-09-05T08:14:00Z,2019-09-01T17:37:43Z
2019,Lassen,2019-07-06T07:49:00Z,2019-07-05T16:37:04Z
2019,Lassen,2019-09-11T18:30:00Z,2019-09-06T13:20:00Z
2019,Tulare,2019-06-11T14:48:00Z,2019-06-02T16:12:00Z
2019,Riverside,2019-09-08T18:00:00Z,2019-09-07T20:31:46Z
2019,Trinity,2019-09-18T12:17:00Z,2019-09-05T09:25:00Z
2019,Mariposa,,2019-07-08T15:30:14Z
2019,Alameda,,2019-08-09T15:09:50Z
2019,Siskiyou,2019-09-26T08:00:00Z,2019-09-07T08:47:46Z
2019,Mendocino,2019-08-17T18:15:00Z,2019-08-12T17:10:00Z
2019,San Luis Obispo,2019-09-27T18:00:00Z,2019-09-21T14:26:00Z
2019,Riverside,2019-06-30T15:51:00Z,2019-06-29T12:54:13Z
2019,Madera,2019-07-16T06:49:00Z,2019-07-15T18:19:31Z
2019,Merced,2019-07-02T15:51:00Z,2019-06-29T15:09:52Z
2019,Santa Clara,2019-06-11T17:17:00Z,2019-06-09T14:29:00Z
2019,Kern,,2019-07-21T15:30:17Z
2019,Siskiyou,2019-06-24T16:56:00Z,2019-06-17T17:50:00Z
2019,Stanislaus,2019-07-16T06:48:00Z,2019-07-15T10:49:00Z
2019,San Bernardino,2019-11-05T09:03:00Z,2019-10-31T06:53:47Z
2019,Contra Costa,2019-10-28T16:26:00Z,2019-10-27T08:50:23Z
2019,Ventura,2019-10-12T18:00:00Z,2019-10-11T15:57:10Z
2019,San Diego,,2019-09-24T15:00:00Z
2019,Santa Barbara,2019-09-14T08:00:00Z,2019-09-09T17:42:43Z
2019,Lassen,2019-07-16T09:00:00Z,2019-07-14T14:02:31Z
2019,Stanislaus,,2019-09-11T11:25:43Z
2019,Monterey,2019-07-10T16:04:00Z,2019-07-09T21:43:36Z
2019,Solano,,2019-07-24T12:28:45Z
2019,Kern,2019-05-08T08:48:00Z,2019-05-03T15:04:00Z
2019,Riverside,2019-09-22T18:00:00Z,2019-09-15T20:13:05Z
2019,San Benito,2019-09-03T07:11:00Z,2019-09-02T15:40:37Z
2019,Kings,2019-06-24T11:45:00Z,2019-04-28T22:20:00Z
2019,Shasta,2019-08-17T18:43:00Z,2019-08-15T15:09:55Z
2019,Los Angeles,2019-08-05T12:25:00Z,2019-08-03T17:01:15Z
2019,San Bernardino,,2019-07-28T13:20:11Z
2019,Tulare,2019-06-11T14:48:00Z,2019-06-01T15:49:00Z
2019,Contra Costa,2019-10-28T16:30:00Z,2019-10-27T11:29:03Z
2019,San Diego,,2019-07-28T19:51:55Z
2019,Placer,2019-06-27T08:26:00Z,2019-06-26T22:43:07Z
2019,San Bernardino,,2019-10-24T04:53:17Z
2019,Santa Clara,2019-06-11T14:40:00Z,2019-05-30T16:19:00Z
2019,Solano,2019-10-28T16:28:00Z,2019-10-27T11:52:15Z
2019,Alameda,2019-08-21T18:27:00Z,2019-08-21T17:56:05Z
2019,Lassen,2019-08-27T10:44:00Z,2019-08-24T16:33:58Z
2019,Ventura,2019-07-15T14:10:00Z,2019-07-14T11:45:00Z
2019,Lassen,,2019-08-07T17:21:13Z
2019,Mendocino,,2019-07-27T23:36:00Z
2019,Riverside,2019-05-24T14:23:00Z,2019-05-18T22:53:00Z
2019,Santa Clara,2019-09-24T18:00:00Z,2019-09-21T11:49:00Z
2019,Modoc,2019-07-20T09:05:00Z,2019-07-17T16:13:41Z
2019,Fresno,2019-06-05T15:07:00Z,2019-05-29T17:18:00Z
2019,San Diego,2019-06-21T14:22:00Z,2019-06-20T14:56:00Z
2019,San Luis Obispo,2019-06-11T17:18:00Z,2019-06-10T11:55:00Z
2019,Kern,2019-05-08T08:47:00Z,2019-04-30T18:37:00Z
2019,Los Angeles,,2019-08-13T14:37:54Z
2019,Modoc,2019-08-02T21:39:00Z,2019-08-02T16:53:18Z
2019,Santa Barbara,2019-08-05T12:27:00Z,2019-07-28T22:39:05Z
2019,San Diego,2019-07-15T17:10:00Z,2019-07-12T13:20:39Z
2019,Riverside,2019-09-22T17:00:00Z,2019-09-21T17:22:00Z
2019,San Diego,2019-10-28T19:31:00Z,2019-10-25T10:52:04Z
2019,Riverside,2019-07-13T15:13:00Z,2019-07-13T10:36:00Z
2019,San Luis Obispo,,2019-07-24T20:09:59Z
2019,Riverside,2019-08-06T18:42:00Z,2019-08-05T15:36:23Z
2019,Ventura,,2019-10-10T21:28:58Z
2019,Siskiyou,,2019-09-15T15:52:00Z
2019,San Joaquin,,2019-07-16T18:44:15Z
2019,Shasta,2019-06-26T06:00:00Z,2019-06-26T15:35:00Z
2019,El Dorado,2019-09-06T07:24:00Z,2019-09-03T14:57:31Z
2019,Sacramento,2019-08-02T14:03:00Z,2019-08-02T09:23:00Z
2019,Tuolumne,2019-09-24T10:21:00Z,2019-09-23T15:55:57Z
2019,Siskiyou,,2019-07-27T10:15:00Z
2019,Solano,2019-08-13T18:00:00Z,2019-08-13T15:41:24Z
2019,San Bernardino,,2019-07-22T19:45:27Z
2019,Riverside,2019-07-17T21:29:00Z,2019-07-16T13:45:43Z
2019,Butte,2019-10-24T17:15:00Z,2019-10-24T14:43:10Z
2019,Riverside,2019-08-25T13:00:00Z,2019-08-25T10:58:28Z
2019,San Diego,2019-08-16T18:44:00Z,2019-08-15T16:24:24Z
2019,Santa Clara,,2019-07-24T20:01:44Z
2019,Riverside,2019-07-17T10:00:00Z,2019-07-12T17:15:31Z
2019,Yuba,2019-06-25T13:50:00Z,2019-06-25T13:51:09Z
2019,Yuba,2019-06-24T18:30:00Z,2019-06-24T11:57:00Z
2019,Lake,2019-11-06T18:30:00Z,2019-11-05T06:52:14Z
2019,Santa Clara,2019-07-02T18:32:00Z,2019-07-02T16:10:02Z
2019,Yuba,2019-06-17T08:34:00Z,2019-06-08T13:07:00Z
2019,Tehama,2019-10-09T12:39:00Z,2019-10-09T08:31:40Z
2019,Marin,,2019-10-24T12:15:33Z
2019,Calaveras,,2019-09-22T18:25:56Z
2019,Monterey,2019-09-02T10:08:00Z,2019-09-01T16:35:55Z
2019,Placer,2019-05-24T14:28:00Z,2019-05-10T14:14:00Z
2019,Napa,,2019-07-22T15:05:34Z
2019,Glenn,2019-10-03T12:03:00Z,2019-10-04T12:03:48Z
2019,Tehama,2019-05-24T14:23:00Z,2019-05-20T10:57:00Z
2019,San Mateo,2019-10-27T12:11:00Z,2019-10-24T20:15:36Z
2019,Santa Clara,,2019-08-15T13:44:02Z
2019,Butte,2019-09-12T18:49:00Z,2019-09-06T15:18:52Z
2019,Contra Costa,,2019-08-07T15:13:52Z
2019,Lassen,2019-10-16T13:44:00Z,2019-10-13T14:45:37Z
2019,Riverside,2019-06-24T11:46:00Z,2019-05-29T21:06:00Z
2019,Lake,2019-09-08T07:00:00Z,2019-09-07T14:00:00Z
2019,San Luis Obispo,,2019-10-01T22:35:52Z
2019,San Diego,2019-09-25T20:00:00Z,2019-09-25T14:17:25Z
2019,San Diego,,2019-10-31T06:39:56Z
2019,Contra Costa,2019-10-28T16:26:00Z,2019-10-27T17:36:15Z
2019,Sacramento,2019-08-02T17:00:00Z,2019-08-02T14:45:00Z
2019,Napa,2019-06-17T08:46:00Z,2019-06-08T14:37:00Z
2019,Butte,2019-05-08T08:47:00Z,2019-05-01T16:46:00Z
2019,Santa Clara,2019-07-15T18:19:00Z,2019-07-15T11:12:00Z
2019,Tulare,2019-06-11T17:18:00Z,2019-06-10T17:51:00Z
2019,Shasta,2019-08-13T16:15:00Z,2019-08-12T14:16:53Z
2019,Tehama,2019-06-24T11:43:00Z,2019-06-22T03:12:00Z
2019,Riverside,2019-06-03T08:48:00Z,2019-05-30T12:41:00Z
2019,San Joaquin,2019-09-05T19:56:00Z,2019-09-05T14:33:01Z
2019,Monterey,2019-06-17T08:46:00Z,2019-06-12T17:23:00Z
2019,Los Angeles,2019-10-31T14:16:00Z,2019-10-21T11:52:52Z
2019,Shasta,2019-10-10T19:05:00Z,2019-10-10T15:49:07Z
2019,Yuba,,2019-07-06T20:21:25Z
2019,Santa Clara,,2019-08-25T13:06:49Z
2019,El Dorado,2019-08-16T10:35:00Z,2019-08-15T17:47:43Z
2019,Siskiyou,,2019-07-27T10:15:00Z
2019,Santa Clara,2019-06-17T08:46:00Z,2019-06-10T15:16:00Z
2019,Riverside,,2019-09-12T20:30:41Z
2019,Riverside,2019-08-23T23:00:00Z,2019-08-22T19:31:10Z
2019,Yolo,2019-08-10T15:07:00Z,2019-08-10T18:47:02Z
2019,Tulare,2019-06-04T16:03:00Z,2019-06-03T12:18:00Z
2019,San Luis Obispo,2019-10-11T16:21:00Z,2019-10-11T12:30:19Z
2019,Solano,,2019-09-26T15:29:06Z
2019,Shasta,,2019-08-04T17:18:21Z
2019,Shasta,2019-07-06T20:03:00Z,2019-07-05T14:46:33Z
2019,Alameda,2019-06-24T11:06:00Z,2019-06-21T14:42:00Z
2019,Riverside,2019-04-10T10:23:00Z,2019-04-09T22:18:00Z
2019,Humboldt,2019-01-15T10:38:00Z,2019-01-01T14:14:00Z
2019,Santa Clara,2019-10-07T09:58:00Z,2019-10-07T09:58:51.763Z
2019,Kern,2019-08-06T18:43:00Z,2019-08-05T13:56:02Z
2019,Lake,2019-09-05T10:03:00Z,2019-09-04T16:26:00Z
2019,San Diego,2019-06-30T16:50:00Z,2019-06-29T11:11:55Z
2019,Placer,2019-06-11T14:50:00Z,2019-06-07T12:59:00Z
2019,Riverside,2019-05-24T14:23:00Z,2019-05-20T13:50:00Z
2019,Lake,,2019-10-17T20:06:00Z
2019,Fresno,,2019-09-30T17:39:00Z
2019,Mexico,2019-08-28T08:54:00Z,2019-08-25T16:15:15Z
2019,San Diego,2019-08-28T08:54:00Z,2019-08-25T16:15:15Z
2019,Alameda,2019-07-05T03:20:00Z,2019-07-05T09:46:01.973Z
2019,Tulare,2019-06-11T14:48:00Z,2019-06-03T12:18:00Z
2019,Contra Costa,2019-07-05T14:58:00Z,2019-07-05T13:33:56Z
2019,Solano,2019-06-17T08:49:00Z,2019-06-07T12:59:00Z
2019,Contra Costa,2019-06-11T14:47:00Z,2019-06-06T14:24:00Z
2019,San Diego,2019-05-19T09:26:00Z,2019-05-13T18:46:00Z
2019,Tuolumne,2019-08-08T17:12:00Z,2019-08-08T16:16:40Z
2019,Colusa,2019-08-14T18:51:00Z,2019-08-14T12:52:00Z
2019,Riverside,2019-08-12T08:21:00Z,2019-08-12T10:53:10Z
2019,Lake,2019-08-11T10:28:00Z,2019-08-08T14:55:59Z
2019,Riverside,2019-07-11T08:26:00Z,2019-07-11T16:27:17Z
2019,Riverside,2019-06-27T17:36:00Z,2019-06-27T16:14:25Z
2019,Riverside,2019-11-01T08:55:00Z,2019-11-01T13:04:34Z
2019,Riverside,2019-09-30T09:05:00Z,2019-09-30T07:07:00Z
2019,Alameda,2019-08-31T12:50:00Z,2019-08-31T12:55:15Z
2019,Stanislaus,2019-10-04T10:39:00Z,2019-10-03T13:36:04Z
2019,San Benito,2019-09-04T20:33:00Z,2019-09-04T20:33:59Z
2019,Santa Clara,2019-06-27T08:48:00Z,2019-06-26T18:06:54Z
2019,Butte,2019-06-24T11:06:00Z,2019-06-15T15:29:00Z
2019,Siskiyou,2019-06-17T10:39:00Z,2019-06-14T16:14:00Z
2019,Shasta,2019-09-24T14:52:00Z,2019-09-24T08:40:45Z
2019,El Dorado,2019-08-14T18:52:00Z,2019-08-14T16:07:49Z
2019,Siskiyou,2019-09-10T19:27:00Z,2019-09-07T18:19:16Z
2019,San Bernardino,2019-09-06T08:00:00Z,2019-09-02T20:27:29Z
2019,San Diego,2019-06-24T11:44:00Z,2019-06-10T14:25:00Z
2019,El Dorado,2019-07-31T06:47:00Z,2019-07-30T19:27:46Z
2019,Alameda,2019-10-08T17:51:00Z,2019-10-08T17:25:12Z
2019,Butte,2019-06-29T18:20:00Z,2019-06-29T22:07:59Z
2019,San Bernardino,2019-10-22T13:30:00Z,2019-10-21T08:16:33Z
2019,Tehama,2019-10-07T11:03:00Z,2019-10-07T11:03:29.963Z
2019,Stanislaus,2019-09-13T21:43:00Z,2019-09-13T20:00:29Z
2019,Alameda,2019-09-02T19:13:00Z,2019-09-02T14:36:35Z
2019,San Diego,2019-10-16T13:50:00Z,2019-10-15T17:41:57Z
2019,Tehama,2019-10-08T09:52:00Z,2019-10-09T09:52:52.477Z
2019,Amador,2019-09-25T17:00:00Z,2019-09-25T13:13:41Z
2019,Riverside,2019-09-10T10:45:00Z,2019-09-10T10:43:58Z
2019,Butte,,2019-07-23T14:41:00Z
2019,Siskiyou,2019-06-21T14:23:00Z,2019-06-16T20:33:00Z
2019,Butte,2019-05-08T08:47:00Z,2019-04-30T12:20:00Z
2019,Riverside,2019-10-10T18:11:00Z,2019-10-10T12:08:00Z
2019,Nevada,2019-06-28T17:33:00Z,2019-06-28T15:03:04Z
2019,Yolo,,2019-11-25T12:02:02Z
2019,San Diego,,2019-10-22T19:20:44Z
2019,Riverside,,2019-10-14T15:32:20Z